Denumire produs;Pret vanzare cu TVA;Departament;69832
360) iPhone 6;65;Accesorii / Diverse;69833
360) iPhone 7;65;Accesorii / Diverse;1477
3D) ALLVIEW A4 YOU;47;Silicon 3D - 3D) ;1463
3D) ALLVIEW A5 DUO;47;Silicon 3D - 3D) ;1465
3D) ALLVIEW a5 easy;47;Silicon 3D - 3D) ;1475
3D) ALLVIEW a5 lite;47;Silicon 3D - 3D) ;1462
3D) ALLVIEW A5 QUAD;47;Silicon 3D - 3D) ;1466
3D) ALLVIEW a5 quad plus;47;Silicon 3D - 3D) ;1464
3D) ALLVIEW A5 SMILEY;47;Silicon 3D - 3D) ;1474
3D) ALLVIEW A6 DUO C6 DUO;47;Silicon 3D - 3D) ;1461
3D) ALLVIEW A6 QUAD;47;Silicon 3D - 3D) ;1488
3D) ALLVIEW E2 LIVING;47;Silicon 3D - 3D) ;1485
3D) ALLVIEW e3 living;47;Silicon 3D - 3D) ;1486
3D) ALLVIEW E4 LITE;47;Silicon 3D - 3D) ;1487
3D) ALLVIEW imperia m;47;Silicon 3D - 3D) ;1484
3D) ALLVIEW IMPERIA S;47;Silicon 3D - 3D) ;1460
3D) ALLVIEW P5 ALDRO;47;Silicon 3D - 3D) ;1472
3D) ALLVIEW p5 emagic;47;Silicon 3D - 3D) ;1468
3D) ALLVIEW p5 energy;47;Silicon 3D - 3D) ;1459
3D) ALLVIEW P5 QUAD;47;Silicon 3D - 3D) ;1457
3D) ALLVIEW P6 ENERGY;47;Silicon 3D - 3D) ;1456
3D) ALLVIEW P6 LIFE;47;Silicon 3D - 3D) ;1473
3D) ALLVIEW p6 pro;47;Silicon 3D - 3D) ;1458
3D) ALLVIEW P6 QUAD ;47;Silicon 3D - 3D) ;1449
3D) ALLVIEW P7 EXTREME;47;Silicon 3D - 3D) ;1467
3D) ALLVIEW p8 energy;47;Silicon 3D - 3D) ;1478
3D) ALLVIEW V1 VIPER;47;Silicon 3D - 3D) ;1479
3D) ALLVIEW V1 VIPER I;47;Silicon 3D - 3D) ;1480
3D) ALLVIEW V1 VIPER I 4G;47;Silicon 3D - 3D) ;1481
3D) ALLVIEW V1 VIPER L;47;Silicon 3D - 3D) ;1483
3D) ALLVIEW V1 VIPER S 4G;47;Silicon 3D - 3D) ;1471
3D) ALLVIEW v2 viper x;47;Silicon 3D - 3D) ;1482
3D) ALLVIEW VI VIPER S;47;Silicon 3D - 3D) ;1448
3D) ALLVIEW X1 EXTREME;47;Silicon 3D - 3D) ;1450
3D) ALLVIEW X1 SOUL ;47;Silicon 3D - 3D) ;1452
3D) ALLVIEW X1 SOUL MINI;47;Silicon 3D - 3D) ;1451
3D) ALLVIEW X2 SOUL;47;Silicon 3D - 3D) ;1453
3D) ALLVIEW X2 SOUL MINI;47;Silicon 3D - 3D) ;1454
3D) ALLVIEW X2 SOUL PRO;47;Silicon 3D - 3D) ;1470
3D) ALLVIEW x2 soul style;47;Silicon 3D - 3D) ;1455
3D) ALLVIEW X2 TWIN;47;Silicon 3D - 3D) ;1469
3D) ALLVIEW x3 soul;47;Silicon 3D - 3D) ;1476
3D) ALLVIEW x3 soul mini;47;Silicon 3D - 3D) ;1433
3D) HTC 300;47;Silicon 3D - 3D) ;1432
3D) HTC 310;47;Silicon 3D - 3D) ;1431
3D) HTC 320;47;Silicon 3D - 3D) ;1430
3D) HTC 500;47;Silicon 3D - 3D) ;1428
3D) HTC 510;47;Silicon 3D - 3D) ;1429
3D) HTC 516;47;Silicon 3D - 3D) ;1435
3D) HTC 526;47;Silicon 3D - 3D) ;1427
3D) HTC 600;47;Silicon 3D - 3D) ;1426
3D) HTC 610;47;Silicon 3D - 3D) ;1425
3D) HTC 620;47;Silicon 3D - 3D) ;1434
3D) HTC 626;47;Silicon 3D - 3D) ;1424
3D) HTC 700;47;Silicon 3D - 3D) ;1423
3D) HTC 816;47;Silicon 3D - 3D) ;1422
3D) HTC 820;47;Silicon 3D - 3D) ;1417
3D) HTC a9;47;Silicon 3D - 3D) ;1419
3D) HTC M7;47;Silicon 3D - 3D) ;1418
3D) HTC M8;47;Silicon 3D - 3D) ;1416
3D) HTC M9;47;Silicon 3D - 3D) ;1420
3D) HTC ONE MINI;47;Silicon 3D - 3D) ;1421
3D) HTC ONE MINI 2;47;Silicon 3D - 3D) ;1441
3D) HUAWEI G6;47;Silicon 3D - 3D) ;1440
3D) HUAWEI G630;47;Silicon 3D - 3D) ;1439
3D) HUAWEI P6;47;Silicon 3D - 3D) ;1438
3D) HUAWEI P7;47;Silicon 3D - 3D) ;1437
3D) HUAWEI P8 ;47;Silicon 3D - 3D) ;1436
3D) HUAWEI P8 LITE;47;Silicon 3D - 3D) ;69820
3D) HUAWEI P9 LITE;47;Silicon 3D - 3D) ;69879
3D) HUAWEI P9 LITE 2017;47;Silicon 3D - 3D) ;1444
3D) HUAWEI Y330;47;Silicon 3D - 3D) ;1445
3D) HUAWEI y5;47;Silicon 3D - 3D) ;1443
3D) HUAWEI Y511;47;Silicon 3D - 3D) ;1442
3D) HUAWEI Y530;47;Silicon 3D - 3D) ;1447
3D) HUAWEI Y540/520;47;Silicon 3D - 3D) ;1446
3D) HUAWEI y6;47;Silicon 3D - 3D) ;1412
3D) iPhone 4;47;Silicon 3D - 3D) ;1413
3D) iPhone 5;47;Silicon 3D - 3D) ;1414
3D) iPhone 6;47;Silicon 3D - 3D) ;1415
3D) iPhone 6 plus;47;Silicon 3D - 3D) ;69718
3D) iPhone 7;47;Silicon 3D - 3D) ;69719
3D) iPhone 7 PLUS;47;Silicon 3D - 3D) ;1363
3D) LENOVO a1000;47;Silicon 3D - 3D) ;1364
3D) LENOVO a2010;47;Silicon 3D - 3D) ;1351
3D) LENOVO A328;47;Silicon 3D - 3D) ;1350
3D) LENOVO A369;47;Silicon 3D - 3D) ;1359
3D) LENOVO a5000;47;Silicon 3D - 3D) ;1349
3D) LENOVO A536;47;Silicon 3D - 3D) ;1360
3D) LENOVO a6000/6010;47;Silicon 3D - 3D) ;1361
3D) LENOVO a7000;47;Silicon 3D - 3D) ;1362
3D) LENOVO a7010;47;Silicon 3D - 3D) ;1348
3D) LENOVO A859;47;Silicon 3D - 3D) ;1357
3D) LENOVO P70;47;Silicon 3D - 3D) ;1355
3D) LENOVO S580;47;Silicon 3D - 3D) ;1356
3D) LENOVO S60;47;Silicon 3D - 3D) ;1354
3D) LENOVO S850;47;Silicon 3D - 3D) ;1353
3D) LENOVO S860;47;Silicon 3D - 3D) ;1358
3D) LENOVO VIBE X2;47;Silicon 3D - 3D) ;1352
3D) LENOVOA 319;47;Silicon 3D - 3D) ;1310
3D) LG BELLO;47;Silicon 3D - 3D) ;1309
3D) LG F60;47;Silicon 3D - 3D) ;1305
3D) LG G2;47;Silicon 3D - 3D) ;1307
3D) LG G2 MINI;47;Silicon 3D - 3D) ;1304
3D) LG G3;47;Silicon 3D - 3D) ;1306
3D) LG G3 MINI;47;Silicon 3D - 3D) ;1303
3D) LG G4;47;Silicon 3D - 3D) ;1494
3D) LG G5;47;Silicon 3D - 3D) ;1316
3D) LG k10;47;Silicon 3D - 3D) ;1314
3D) LG k4;47;Silicon 3D - 3D) ;1315
3D) LG k8;47;Silicon 3D - 3D) ;1311
3D) LG L70;47;Silicon 3D - 3D) ;1312
3D) LG L80;47;Silicon 3D - 3D) ;1313
3D) LG L90;47;Silicon 3D - 3D) ;1308
3D) LG LEON;47;Silicon 3D - 3D) ;1329
3D) Microsoft Lumia 435;47;Silicon 3D - 3D) ;1326
3D) Microsoft Lumia 535;47;Silicon 3D - 3D) ;1330
3D) Microsoft Lumia 550;47;Silicon 3D - 3D) ;1323
3D) Microsoft Lumia 630 635;47;Silicon 3D - 3D) ;1322
3D) Microsoft Lumia 640 XL;47;Silicon 3D - 3D) ;1328
3D) NOKIA / Lumia 520;47;Silicon 3D - 3D) ;1327
3D) NOKIA / Lumia 530;47;Silicon 3D - 3D) ;1325
3D) NOKIA / Lumia 625;47;Silicon 3D - 3D) ;1321
3D) NOKIA / Lumia 640;47;Silicon 3D - 3D) ;1320
3D) NOKIA / Lumia 730 - 735;47;Silicon 3D - 3D) ;1319
3D) NOKIA / Lumia 820;47;Silicon 3D - 3D) ;1318
3D) NOKIA / Lumia 830;47;Silicon 3D - 3D) ;1317
3D) NOKIA / Lumia 930;47;Silicon 3D - 3D) ;1379
3D) SAMSUNG A3;47;Silicon 3D - 3D) ;1407
3D) SAMSUNG a3 2016;47;Silicon 3D - 3D) ;69877
3D) Samsung A3 2017;47;Silicon 3D - 3D) ;1378
3D) SAMSUNG A5;47;Silicon 3D - 3D) ;1408
3D) SAMSUNG a5 2016;47;Silicon 3D - 3D) ;1377
3D) SAMSUNG A7;47;Silicon 3D - 3D) ;1402
3D) SAMSUNG ACE 4;47;Silicon 3D - 3D) ;1376
3D) SAMSUNG ALPHA;47;Silicon 3D - 3D) ;1390
3D) SAMSUNG CORE;47;Silicon 3D - 3D) ;1391
3D) SAMSUNG CORE 2 ;47;Silicon 3D - 3D) ;1393
3D) SAMSUNG CORE LTE 4G;47;Silicon 3D - 3D) ;1392
3D) SAMSUNG CORE PRIME;47;Silicon 3D - 3D) ;1388
3D) SAMSUNG GRAND / NEO;47;Silicon 3D - 3D) ;1387
3D) SAMSUNG GRAND 2;47;Silicon 3D - 3D) ;1389
3D) SAMSUNG GRAND PRIME;47;Silicon 3D - 3D) ;1399
3D) SAMSUNG J1;47;Silicon 3D - 3D) ;1409
3D) SAMSUNG j1 2016;47;Silicon 3D - 3D) ;1410
3D) SAMSUNG j1 ace;47;Silicon 3D - 3D) ;69775
3D) SAMSUNG J1 J100;47;Silicon 3D - 3D) ;1403
3D) SAMSUNG j2;47;Silicon 3D - 3D) ;1404
3D) SAMSUNG J3 2016;47;Silicon 3D - 3D) ;69878
3D) SAMSUNG J5 2016;47;FOLII CURBATE - F3D);1405
3D) SAMSUNG J5 J500;47;Silicon 3D - 3D) ;1406
3D) SAMSUNG j7;47;Silicon 3D - 3D) ;1384
3D) SAMSUNG NOTE 1;47;Silicon 3D - 3D) ;1383
3D) SAMSUNG NOTE 2;47;Silicon 3D - 3D) ;1382
3D) SAMSUNG NOTE 3;47;Silicon 3D - 3D) ;1381
3D) SAMSUNG NOTE 4;47;Silicon 3D - 3D) ;1411
3D) SAMSUNG NOTE 5;47;Silicon 3D - 3D) ;1380
3D) SAMSUNG NOTE EDGE;47;Silicon 3D - 3D) ;1398
3D) SAMSUNG S DUOS / TREND PLUS;47;Silicon 3D - 3D) ;1372
3D) SAMSUNG S2;47;Silicon 3D - 3D) ;1371
3D) SAMSUNG S3;47;Silicon 3D - 3D) ;1375
3D) SAMSUNG S3 MINI;47;Silicon 3D - 3D) ;1370
3D) SAMSUNG S4;47;Silicon 3D - 3D) ;1374
3D) SAMSUNG S4 MINI;47;Silicon 3D - 3D) ;1369
3D) SAMSUNG S5;47;Silicon 3D - 3D) ;1373
3D) SAMSUNG S5 MINI;47;Silicon 3D - 3D) ;1368
3D) SAMSUNG S6 ;47;Silicon 3D - 3D) ;1367
3D) SAMSUNG S6 EDGE;47;Silicon 3D - 3D) ;1366
3D) SAMSUNG s7;47;Silicon 3D - 3D) ;1365
3D) SAMSUNG s7 edge;47;Silicon 3D - 3D) ;1394
3D) SAMSUNG TREND LITE;47;Silicon 3D - 3D) ;1395
3D) SAMSUNG TREND LITE 2;47;Silicon 3D - 3D) ;1396
3D) SAMSUNG TREND LITE PLUS;47;Silicon 3D - 3D) ;1385
3D) SAMSUNG XCOVER 3;47;Silicon 3D - 3D) ;1400
3D) SAMSUNG YOUNG;47;Silicon 3D - 3D) ;1401
3D) SAMSUNG YOUNG 2;47;Silicon 3D - 3D) ;1343
3D) SONY XPERIA E;47;Silicon 3D - 3D) ;1344
3D) SONY XPERIA E1;47;Silicon 3D - 3D) ;1345
3D) SONY XPERIA E3;47;Silicon 3D - 3D) ;1346
3D) SONY XPERIA E4;47;Silicon 3D - 3D) ;1347
3D) SONY XPERIA E4G;47;Silicon 3D - 3D) ;1342
3D) SONY XPERIA L;47;Silicon 3D - 3D) ;1339
3D) SONY XPERIA M;47;Silicon 3D - 3D) ;1340
3D) SONY XPERIA M2;47;Silicon 3D - 3D) ;1341
3D) SONY XPERIA M4;47;Silicon 3D - 3D) ;1336
3D) SONY XPERIA Z;47;Silicon 3D - 3D) ;1335
3D) SONY XPERIA Z1;47;Silicon 3D - 3D) ;1338
3D) SONY XPERIA Z1 MINI / COMPACT;47;Silicon 3D - 3D) ;1334
3D) SONY XPERIA Z2;47;Silicon 3D - 3D) ;1333
3D) SONY XPERIA Z3;47;Silicon 3D - 3D) ;1337
3D) SONY XPERIA Z3 MINI / COMPACT;47;Silicon 3D - 3D) ;1332
3D) SONY XPERIA Z4;47;Silicon 3D - 3D) ;1331
3D) SONY XPERIA z5;47;Silicon 3D - 3D) ;
Adaptor auto Dual-USB;45;Accesorii / Diverse;
adaptor auto incarcare;30;Accesorii / Diverse;69646
Adaptor Auto USB - 39D2;37;Accesorii / Diverse;69645
Adaptor Auto USB - 39E2;37;Accesorii / Diverse;69468
Adaptor auto USB Apple iPhone 5 TX018 - ALB;25;Accesorii / Diverse;35670
Adaptor Priza USB ALB - 39C1;35;Accesorii / Diverse;46140
Adaptor Priza USB NEGRU - 39D3;35;Accesorii / Diverse;
Ambalaj blister carton;0;Accesorii / Diverse;69497
ArmS) IPHONE 5;50;Armor Spider - ArmS);69498
ArmS) IPHONE 6;50;Armor Spider - ArmS);69499
ArmS) IPHONE 6 PLUS;50;Armor Spider - ArmS);69720
ArmS) IPHONE 7;50;Armor Spider - ArmS);69493
ArmS) SAMSUNG A3;50;Armor Spider - ArmS);69494
ArmS) SAMSUNG A5;50;Armor Spider - ArmS);69495
ArmS) SAMSUNG CORE PRIME;50;Armor Spider - ArmS);69776
ArmS) SAMSUNG J5 2016;50;Armor Spider - ArmS);69496
ArmS) SAMSUNG J5 J500;50;Armor Spider - ArmS);69912
Arms) SAMSUNG j7 2016;50;Armor Spider - ArmS);69500
ArmS) SAMSUNG S3;50;Armor Spider - ArmS);69501
ArmS) SAMSUNG S4;50;Armor Spider - ArmS);69502
ArmS) SAMSUNG S5;50;Armor Spider - ArmS);69503
ArmS) SAMSUNG S6;50;Armor Spider - ArmS);69504
ArmS) SAMSUNG S7;50;Armor Spider - ArmS);69903
ATC) Iphone 5;35;AUTOCOLANTE - ATC;69902
ATC) Iphone 6 ;35;AUTOCOLANTE - ATC;69904
ATC) Iphone 7;35;AUTOCOLANTE - ATC;69769
B) Alcatel Pixi 4;35;Book - B) ;69770
B) Alcatel Pop 4;35;Book - B) ;361
B) ALLVIEW A4 YOU;38;Book - B) ;1610
B) Allview A5;38;Book - B) ;347
B) ALLVIEW A5 DUO;38;Book - B) ;349
B) ALLVIEW a5 easy;38;Book - B) ;359
B) ALLVIEW a5 lite;38;Book - B) ;346
B) ALLVIEW A5 QUAD;38;Book - B) ;350
B) ALLVIEW a5 quad plus;38;Book - B) ;69480
B) ALLVIEW A5 QUAD PLUS;35;Accesorii / Diverse;1675
B) ALLVIEW A5 READY;38;Book - B) ;348
B) ALLVIEW A5 SMILEY;38;Book - B) ;358
B) ALLVIEW A6 DUO C6 DUO;38;Book - B) ;345
B) ALLVIEW A6 QUAD;38;Book - B) ;372
B) ALLVIEW E2 LIVING;38;Book - B) ;369
B) ALLVIEW e3 living;38;Book - B) ;69481
B) ALLVIEW E4;38;Book - B) ;370
B) ALLVIEW E4 LITE;38;Book - B) ;371
B) ALLVIEW imperia m;38;Book - B) ;368
B) ALLVIEW IMPERIA S;38;Book - B) ;344
B) ALLVIEW P5 ALDRO;38;Book - B) ;356
B) ALLVIEW p5 emagic;38;Book - B) ;352
B) ALLVIEW p5 energy;38;Book - B) ;1611
B) Allview P5 Life;38;Book - B) ;1677
B) ALLVIEW P5 PRO;38;Book - B) ;343
B) ALLVIEW P5 QUAD;38;Book - B) ;69638
B) ALLVIEW P6 EMAGIC;38;Book - B) ;341
B) ALLVIEW P6 ENERGY;38;Book - B) ;69654
B) ALLVIEW P6 ENERGY LITE;38;Book - B) ;340
B) ALLVIEW P6 LIFE;38;Book - B) ;1612
B) Allview P6 Max;38;Book - B) ;357
B) ALLVIEW p6 pro;38;Book - B) ;69639
B) ALLVIEW P6 QMAX;38;Book - B) ;342
B) ALLVIEW P6 QUAD ;38;Book - B) ;333
B) ALLVIEW P7 EXTREME;38;Book - B) ;69834
B) ALLVIEW P7 PRO;38;Book - B) ;69655
B) ALLVIEW p8 emagic;38;Book - B) ;351
B) ALLVIEW p8 energy;38;Book - B) ;69656
B) ALLVIEW p8 energy mini;38;Book - B) ;1609
B) Allview P8 PRO;38;Book - B) ;69772
B) ALLVIEW P9 ENERGY MINI;35;Book - B) ;1676
B) ALLVIEW SOUL LITE;38;Book - B) ;362
B) ALLVIEW V1 VIPER;38;Book - B) ;363
B) ALLVIEW V1 VIPER I;38;Book - B) ;364
B) ALLVIEW V1 VIPER I 4G;38;Book - B) ;365
B) ALLVIEW V1 VIPER L;38;Book - B) ;367
B) ALLVIEW V1 VIPER S 4G;38;Book - B) ;69483
B) ALLVIEW v2 viper e;38;Book - B) ;69482
B) ALLVIEW v2 viper i;38;Book - B) ;69623
B) ALLVIEW V2 VIPER I 4G;38;Book - B) ;355
B) ALLVIEW v2 viper x;38;Book - B) ;366
B) ALLVIEW VI VIPER S;38;Book - B) ;332
B) ALLVIEW X1 EXTREME;38;Book - B) ;334
B) ALLVIEW X1 SOUL ;38;Book - B) ;336
B) ALLVIEW X1 SOUL MINI;38;Book - B) ;335
B) ALLVIEW X2 SOUL;38;Book - B) ;337
B) ALLVIEW X2 SOUL MINI;38;Book - B) ;338
B) ALLVIEW X2 SOUL PRO;38;Book - B) ;354
B) ALLVIEW x2 soul style;38;Book - B) ;339
B) ALLVIEW X2 TWIN;38;Book - B) ;353
B) ALLVIEW x3 soul;38;Book - B) ;360
B) ALLVIEW x3 soul mini;38;Book - B) ;69657
B) ALLVIEW x3 soul PLUS;38;Book - B) ;69637
B) ALLVIEW x3 soul style;38;Book - B) ;69491
B) HTC 10;35;Book - B) ;317
B) HTC 300;35;Book - B) ;316
B) HTC 310;35;Book - B) ;315
B) HTC 320;35;Book - B) ;314
B) HTC 500;35;Book - B) ;312
B) HTC 510;35;Book - B) ;313
B) HTC 516;35;Book - B) ;319
B) HTC 526;35;Book - B) ;69659
B) HTC 530;35;Book - B) ;311
B) HTC 600;35;Book - B) ;310
B) HTC 610;35;Book - B) ;309
B) HTC 620;35;Book - B) ;318
B) HTC 626;35;Book - B) ;308
B) HTC 700;35;Book - B) ;307
B) HTC 816;35;Book - B) ;306
B) HTC 820;35;Book - B) ;69658
B) HTC 825;35;Book - B) ;301
B) HTC a9;35;Book - B) ;303
B) HTC M7;35;Book - B) ;302
B) HTC M8;35;Book - B) ;300
B) HTC M9;35;Book - B) ;304
B) HTC ONE MINI;35;Book - B) ;305
B) HTC ONE MINI 2;35;Book - B) ;325
B) HUAWEI G6;35;Book - B) ;324
B) HUAWEI G630;35;Book - B) ;69800
B) Huawei Honor 7 Lite;35;Book - B) ;69914
B) HUAWEI P10 LITE;35;Book - B) ;323
B) HUAWEI P6;35;Book - B) ;322
B) HUAWEI P7;35;Book - B) ;321
B) HUAWEI P8 ;35;Book - B) ;320
B) HUAWEI P8 LITE;35;Book - B) ;1680
B) HUAWEI P9;35;Book - B) ;1679
B) HUAWEI P9 LITE;35;Book - B) ;69511
B) HUAWEI Y3 II;35;Book - B) ;328
B) HUAWEI Y330;35;Book - B) ;329
B) HUAWEI Y5 / Y560;35;Book - B) ;69641
B) HUAWEI Y5 II;35;Book - B) ;327
B) HUAWEI Y511;35;Book - B) ;326
B) HUAWEI Y530;35;Book - B) ;331
B) HUAWEI Y540/520;35;Book - B) ;330
B) HUAWEI y6;35;Book - B) ;296
B) iPhone 4;35;Book - B) ;297
B) iPhone 5;35;Book - B) ;298
B) iPhone 6;35;Book - B) ;299
B) iPhone 6 plus;35;Book - B) ;247
B) LENOVO a1000;38;Book - B) ;248
B) LENOVO a2010;38;Book - B) ;235
B) LENOVO A328;38;Book - B) ;234
B) LENOVO A369;38;Book - B) ;243
B) LENOVO a5000;38;Book - B) ;233
B) LENOVO A536;38;Book - B) ;244
B) LENOVO a6000/6010;38;Book - B) ;245
B) LENOVO a7000;38;Book - B) ;246
B) LENOVO a7010;38;Book - B) ;232
B) LENOVO A859;38;Book - B) ;1678
B) LENOVO A9100;38;Book - B) ;69801
B) Lenovo K5 Plus;35;Book - B) ;241
B) LENOVO P70;38;Book - B) ;239
B) LENOVO S580;38;Book - B) ;240
B) LENOVO S60;38;Book - B) ;238
B) LENOVO S850;38;Book - B) ;237
B) LENOVO S860;38;Book - B) ;69771
B) LENOVO VIBE C2;38;Book - B) ;69913
B) LENOVO VIBE K5 PLUS ;35;Book - B) ;242
B) LENOVO VIBE X2;38;Book - B) ;236
B) LENOVOA 319;38;Book - B) ;194
B) LG BELLO;35;Book - B) ;193
B) LG F60;35;Book - B) ;189
B) LG G2;35;Book - B) ;191
B) LG G2 MINI;35;Book - B) ;188
B) LG G3;35;Book - B) ;190
B) LG G3 MINI;35;Book - B) ;187
B) LG G4;35;Book - B) ;1489
B) LG G5;35;Book - B) ;200
B) LG k10;35;Book - B) ;198
B) LG k4;35;Book - B) ;199
B) LG k8;35;Book - B) ;195
B) LG L70;35;Book - B) ;196
B) LG L80;35;Book - B) ;197
B) LG L90;35;Book - B) ;192
B) LG LEON;35;Book - B) ;69642
B) LG X SCREEN;35;Book - B) ;69492
B) LG ZERO;35;Book - B) ;213
B) Microsoft Lumia 435;35;Book - B) ;210
B) Microsoft Lumia 535;35;Book - B) ;214
B) Microsoft Lumia 550;35;Book - B) ;207
B) Microsoft Lumia 630 635;35;Book - B) ;206
B) Microsoft Lumia 640 XL;35;Book - B) ;1682
B) NOKIA / Lumia 1020;35;Book - B) ;1683
B) NOKIA / Lumia 230;35;Book - B) ;212
B) NOKIA / Lumia 520;35;Book - B) ;211
B) NOKIA / Lumia 530;35;Book - B) ;1684
B) NOKIA / Lumia 540;35;Book - B) ;209
B) NOKIA / Lumia 625;35;Book - B) ;205
B) NOKIA / Lumia 640;35;Book - B) ;1636
B) NOKIA / Lumia 650;35;Book - B) ;204
B) NOKIA / Lumia 730 - 735;35;Book - B) ;203
B) NOKIA / Lumia 820;35;Book - B) ;202
B) NOKIA / Lumia 830;35;Book - B) ;201
B) NOKIA / Lumia 930;35;Book - B) ;1637
B) NOKIA / Lumia 950;35;Book - B) ;288
B) SAMSUNG  J3 2016;35;Book - B) ;263
B) SAMSUNG A3;35;Book - B) ;291
B) SAMSUNG a3 2016;35;Book - B) ;69802
B) Samsung A3 2017;35;Book - B) ;262
B) SAMSUNG A5;35;Book - B) ;292
B) SAMSUNG a5 2016;35;Book - B) ;69803
B) Samsung A5 2017;35;Book - B) ;261
B) SAMSUNG A7;35;Book - B) ;69660
B) SAMSUNG A7 2016;35;Book - B) ;286
B) SAMSUNG ACE 4;35;Book - B) ;260
B) SAMSUNG ALPHA;35;Book - B) ;274
B) SAMSUNG CORE;35;Book - B) ;275
B) SAMSUNG CORE 2 ;35;Book - B) ;277
B) SAMSUNG CORE LTE 4G;35;Book - B) ;276
B) SAMSUNG CORE PRIME;35;Book - B) ;272
B) SAMSUNG GRAND / NEO;35;Book - B) ;69661
B) SAMSUNG GRAND / NEO PLUS;35;Book - B) ;271
B) SAMSUNG GRAND 2;35;Book - B) ;273
B) SAMSUNG GRAND PRIME;35;Book - B) ;293
B) SAMSUNG j1 2016;35;Book - B) ;294
B) SAMSUNG j1 ace;35;Book - B) ;283
B) SAMSUNG J1 J100;35;Book - B) ;287
B) SAMSUNG j2;35;Book - B) ;69662
B) SAMSUNG j3 2016;35;Book - B) ;1685
B) SAMSUNG J5 2016;35;Book - B) ;289
B) SAMSUNG J5 J500;35;Book - B) ;290
B) SAMSUNG j7;35;Book - B) ;69663
B) SAMSUNG j7 2016;35;Book - B) ;268
B) SAMSUNG NOTE 1;35;Book - B) ;267
B) SAMSUNG NOTE 2;35;Book - B) ;266
B) SAMSUNG NOTE 3;35;Book - B) ;265
B) SAMSUNG NOTE 4;35;Book - B) ;295
B) SAMSUNG NOTE 5;35;Book - B) ;264
B) SAMSUNG NOTE EDGE;35;Book - B) ;282
B) SAMSUNG S DUOS / TREND PLUS;35;Book - B) ;256
B) SAMSUNG S2;35;Book - B) ;255
B) SAMSUNG S3;35;Book - B) ;259
B) SAMSUNG S3 MINI;35;Book - B) ;254
B) SAMSUNG S4;35;Book - B) ;258
B) SAMSUNG S4 MINI;35;Book - B) ;253
B) SAMSUNG S5;35;Book - B) ;257
B) SAMSUNG S5 MINI;35;Book - B) ;252
B) SAMSUNG S6 ;35;Book - B) ;251
B) SAMSUNG S6 EDGE;35;Book - B) ;250
B) SAMSUNG s7;35;Book - B) ;249
B) SAMSUNG s7 edge;35;Book - B) ;278
B) SAMSUNG TREND LITE;35;Book - B) ;279
B) SAMSUNG TREND LITE 2;35;Book - B) ;280
B) SAMSUNG TREND LITE PLUS;35;Book - B) ;269
B) SAMSUNG XCOVER 3;35;Book - B) ;284
B) SAMSUNG YOUNG;35;Book - B) ;285
B) SAMSUNG YOUNG 2;35;Book - B) ;1681
B) SONY M5;35;Book - B) ;227
B) SONY XPERIA E;35;Book - B) ;228
B) SONY XPERIA E1;35;Book - B) ;229
B) SONY XPERIA E3;35;Book - B) ;230
B) SONY XPERIA E4;35;Book - B) ;231
B) SONY XPERIA E4G;35;Book - B) ;226
B) SONY XPERIA L;35;Book - B) ;223
B) SONY XPERIA M;35;Book - B) ;224
B) SONY XPERIA M2;35;Book - B) ;225
B) SONY XPERIA M4;35;Book - B) ;220
B) SONY XPERIA Z;35;Book - B) ;219
B) SONY XPERIA Z1;35;Book - B) ;222
B) SONY XPERIA Z1 MINI / COMPACT;35;Book - B) ;218
B) SONY XPERIA Z2;35;Book - B) ;217
B) SONY XPERIA Z3;35;Book - B) ;221
B) SONY XPERIA Z3 MINI / COMPACT;35;Book - B) ;216
B) SONY XPERIA Z4;35;Book - B) ;215
B) SONY XPERIA z5;35;Book - B) ;1497
B) SONY Z5 MINI / COMPACT;35;Book - B) ;5,90174E+12
Baterie externa 2300mA blue;60;Accesorii / Diverse;5,90174E+12
Baterie externa 2600mA Blun Perfume albastru;50;Accesorii / Diverse;69512
Baterie Externa 5600MAH;75;Accesorii / Diverse;1632
Baterie Externa Model A5;55;Accesorii / Diverse;69824
Baterie Slim Aluminiu;85;Accesorii / Diverse;69513
BMO) IPHONE 4;65;Bumper Metalic Oglinda - BMO);69514
BMO) IPHONE 5;65;Bumper Metalic Oglinda - BMO);69515
BMO) IPHONE 6;65;Bumper Metalic Oglinda - BMO);69717
BMO) IPHONE 7;65;Bumper Metalic Oglinda - BMO);69835
BS) ALLVIEW A5 LITE;45;Book Special - BS) ;69836
BS) ALLVIEW X4 SOUL;45;Book Special - BS) ;1641
BS) HUAWEI P8;45;Book Special - BS) ;69618
BS) HUAWEI P8 LITE;45;Book Special - BS) ;69619
BS) HUAWEI P9 LITE;45;Book Special - BS) ;1505
BS) iPhone 5;45;Book Special - BS) ;1506
BS) iPhone 6;45;Book Special - BS) ;69664
BS) iPhone 6 PLUS;45;Book Special - BS) ;69665
BS) iPhone 7;45;Book Special - BS) ;69666
BS) iPhone 7 PLUS;45;Book Special - BS) ;1645
BS) LG G4;45;Book Special - BS) ;1647
BS) LUMIA 950 XL;45;Book Special - BS) ;69804
BS) Samsung A3 2017;45;Book Special - BS) ;69805
BS) SAMSUNG a5 2016;45;Book Special - BS) ;69806
BS) Samsung A5 2017;45;Book Special - BS) ;69667
BS) Samsung J5 2016;45;Book Special - BS) ;69668
BS) Samsung J5 J500;45;Book Special - BS) ;1504
BS) SAMSUNG S6 ;45;Book Special - BS) ;1501
BS) SAMSUNG S6 EDGE;45;Book Special - BS) ;1503
BS) SAMSUNG S6 EDGE PLUS;45;Book Special - BS) ;1502
BS) SAMSUNG S7;45;Book Special - BS) ;69669
BS) SAMSUNG S7 EDGE;45;Book Special - BS) ;1634
Bumper Iphone 5;35;Bumper;1595
Bumper Iphone 6;35;Bumper;1635
Bumper Iphone 6 plus;35;Bumper;69516
Bumper SAMSUNG S6;35;Bumper;175
BV) ALLVIEW A4 YOU bsv;42;Book SView - BV) ;161
BV) ALLVIEW A5 DUO;42;Book SView - BV) ;163
BV) ALLVIEW a5 easy;42;Book SView - BV) ;173
BV) ALLVIEW a5 lite;42;Book SView - BV) ;160
BV) ALLVIEW A5 QUAD;42;Book SView - BV) ;164
BV) ALLVIEW a5 quad plus;42;Book SView - BV) ;162
BV) ALLVIEW A5 SMILEY;42;Book SView - BV) ;172
BV) ALLVIEW A6 DUO C6 DUO;42;Book SView - BV) ;159
BV) ALLVIEW A6 QUAD;42;Book SView - BV) ;186
BV) ALLVIEW E2 LIVING;42;Book SView - BV) ;183
BV) ALLVIEW e3 living;42;Book SView - BV) ;184
BV) ALLVIEW E4 LITE;42;Book SView - BV) ;185
BV) ALLVIEW imperia m;42;Book SView - BV) ;182
BV) ALLVIEW IMPERIA S;42;Book SView - BV) ;158
BV) ALLVIEW P5 ALDRO;42;Book SView - BV) ;170
BV) ALLVIEW p5 emagic;42;Book SView - BV) ;166
BV) ALLVIEW p5 energy;42;Book SView - BV) ;157
BV) ALLVIEW P5 QUAD;42;Book SView - BV) ;155
BV) ALLVIEW P6 ENERGY;42;Book SView - BV) ;154
BV) ALLVIEW P6 LIFE;42;Book SView - BV) ;171
BV) ALLVIEW p6 pro;42;Book SView - BV) ;156
BV) ALLVIEW P6 QUAD ;42;Book SView - BV) ;147
BV) ALLVIEW P7 EXTREME;42;Book SView - BV) ;165
BV) ALLVIEW p8 energy;42;Book SView - BV) ;176
BV) ALLVIEW V1 VIPER;42;Book SView - BV) ;177
BV) ALLVIEW V1 VIPER I;42;Book SView - BV) ;178
BV) ALLVIEW V1 VIPER I 4G;42;Book SView - BV) ;179
BV) ALLVIEW V1 VIPER L;42;Book SView - BV) ;181
BV) ALLVIEW V1 VIPER S 4G;42;Book SView - BV) ;169
BV) ALLVIEW v2 viper x;42;Book SView - BV) ;180
BV) ALLVIEW VI VIPER S;42;Book SView - BV) ;146
BV) ALLVIEW X1 EXTREME;42;Book SView - BV) ;148
BV) ALLVIEW X1 SOUL ;42;Book SView - BV) ;150
BV) ALLVIEW X1 SOUL MINI;42;Book SView - BV) ;149
BV) ALLVIEW X2 SOUL;42;Book SView - BV) ;151
BV) ALLVIEW X2 SOUL MINI;42;Book SView - BV) ;152
BV) ALLVIEW X2 SOUL PRO;42;Book SView - BV) ;168
BV) ALLVIEW x2 soul style;42;Book SView - BV) ;153
BV) ALLVIEW X2 TWIN;42;Book SView - BV) ;167
BV) ALLVIEW x3 soul;42;Book SView - BV) ;174
BV) ALLVIEW x3 soul mini;42;Book SView - BV) ;69837
BV) ALLVIEW X4 SOUL;42;Book SView - BV) ;131
BV) HTC 300;42;Book SView - BV) ;130
BV) HTC 310;42;Book SView - BV) ;129
BV) HTC 320;42;Book SView - BV) ;128
BV) HTC 500;42;Book SView - BV) ;126
BV) HTC 510;42;Book SView - BV) ;127
BV) HTC 516;42;Book SView - BV) ;133
BV) HTC 526;42;Book SView - BV) ;125
BV) HTC 600;42;Book SView - BV) ;124
BV) HTC 610;42;Book SView - BV) ;123
BV) HTC 620;42;Book SView - BV) ;132
BV) HTC 626;42;Book SView - BV) ;122
BV) HTC 700;42;Book SView - BV) ;121
BV) HTC 816;42;Book SView - BV) ;120
BV) HTC 820;42;Book SView - BV) ;115
BV) HTC a9;42;Book SView - BV) ;117
BV) HTC M7;42;Book SView - BV) ;116
BV) HTC M8;42;Book SView - BV) ;114
BV) HTC M9;42;Book SView - BV) ;118
BV) HTC ONE MINI;42;Book SView - BV) ;119
BV) HTC ONE MINI 2;42;Book SView - BV) ;139
BV) HUAWEI G6;42;Book SView - BV) ;138
BV) HUAWEI G630;42;Book SView - BV) ;69838
BV) HUAWEI P10;42;Book SView - BV) ;137
BV) HUAWEI P6;42;Book SView - BV) ;136
BV) HUAWEI P7;42;Book SView - BV) ;135
BV) HUAWEI P8 ;42;Book SView - BV) ;134
BV) HUAWEI P8 LITE;42;Book SView - BV) ;69625
BV) HUAWEI P9 LITE;42;Book SView - BV) ;69839
BV) HUAWEI P9 LITE 2017;42;Book SView - BV) ;142
BV) HUAWEI Y330;42;Book SView - BV) ;143
BV) HUAWEI y5;42;Book SView - BV) ;141
BV) HUAWEI Y511;42;Book SView - BV) ;140
BV) HUAWEI Y530;42;Book SView - BV) ;145
BV) HUAWEI Y540/520;42;Book SView - BV) ;144
BV) HUAWEI y6;42;Book SView - BV) ;69710
BV) HUAWEI Y6 II;42;Book SView - BV) ;69626
BV) HUAWEI Y6 PRO;42;Book SView - BV) ;110
BV) iPhone 4;42;Book SView - BV) ;111
BV) iPhone 5;42;Book SView - BV) ;112
BV) iPhone 6;42;Book SView - BV) ;113
BV) iPhone 6 plus;42;Book SView - BV) ;69709
BV) iPhone 7;42;Book SView - BV) ;61
BV) LENOVO a1000;42;Book SView - BV) ;62
BV) LENOVO a2010;42;Book SView - BV) ;49
BV) LENOVO A328;42;Book SView - BV) ;48
BV) LENOVO A369;42;Book SView - BV) ;57
BV) LENOVO a5000;42;Book SView - BV) ;47
BV) LENOVO A536;42;Book SView - BV) ;58
BV) LENOVO a6000/6010;42;Book SView - BV) ;59
BV) LENOVO a7000;42;Book SView - BV) ;60
BV) LENOVO a7010;42;Book SView - BV) ;46
BV) LENOVO A859;42;Book SView - BV) ;55
BV) LENOVO P70;42;Book SView - BV) ;53
BV) LENOVO S580;42;Book SView - BV) ;54
BV) LENOVO S60;42;Book SView - BV) ;52
BV) LENOVO S850;42;Book SView - BV) ;51
BV) LENOVO S860;42;Book SView - BV) ;56
BV) LENOVO VIBE X2;42;Book SView - BV) ;50
BV) LENOVOA 319;42;Book SView - BV) ;8
BV) LG BELLO;42;Book SView - BV) ;7
BV) LG F60;42;Book SView - BV) ;3
BV) LG G2;42;Book SView - BV) ;5
BV) LG G2 MINI;42;Book SView - BV) ;2
BV) LG G3;42;Book SView - BV) ;4
BV) LG G3 MINI;42;Book SView - BV) ;1
BV) LG G4;42;Book SView - BV) ;1490
BV) LG G5;42;Book SView - BV) ;14
BV) LG k10;42;Book SView - BV) ;12
BV) LG k4;42;Book SView - BV) ;69916
BV) Lg K4 2017;42;Book SView - BV) ;13
BV) LG k8;42;Book SView - BV) ;9
BV) LG L70;42;Book SView - BV) ;10
BV) LG L80;42;Book SView - BV) ;11
BV) LG L90;42;Book SView - BV) ;6
BV) LG LEON;42;Book SView - BV) ;27
BV) Microsoft Lumia 435;42;Book SView - BV) ;24
BV) Microsoft Lumia 535;42;Book SView - BV) ;28
BV) Microsoft Lumia 550;42;Book SView - BV) ;21
BV) Microsoft Lumia 630 635;42;Book SView - BV) ;20
BV) Microsoft Lumia 640 XL;42;Book SView - BV) ;26
BV) NOKIA / Lumia 520;42;Book SView - BV) ;25
BV) NOKIA / Lumia 530;42;Book SView - BV) ;23
BV) NOKIA / Lumia 625;42;Book SView - BV) ;19
BV) NOKIA / Lumia 640;42;Book SView - BV) ;18
BV) NOKIA / Lumia 730 - 735;42;Book SView - BV) ;17
BV) NOKIA / Lumia 820;42;Book SView - BV) ;16
BV) NOKIA / Lumia 830;42;Book SView - BV) ;15
BV) NOKIA / Lumia 930;42;Book SView - BV) ;77
BV) SAMSUNG A3;42;Book SView - BV) ;105
BV) SAMSUNG a3 2016;42;Book SView - BV) ;69840
BV) Samsung A3 2017;42;Book SView - BV) ;76
BV) SAMSUNG A5;42;Book SView - BV) ;106
BV) SAMSUNG a5 2016;42;Book SView - BV) ;69841
BV) Samsung A5 2017;42;Book SView - BV) ;75
BV) SAMSUNG A7;42;Book SView - BV) ;100
BV) SAMSUNG ACE 4;42;Book SView - BV) ;74
BV) SAMSUNG ALPHA;42;Book SView - BV) ;88
BV) SAMSUNG CORE;42;Book SView - BV) ;89
BV) SAMSUNG CORE 2 ;42;Book SView - BV) ;91
BV) SAMSUNG CORE LTE 4G;42;Book SView - BV) ;90
BV) SAMSUNG CORE PRIME;42;Book SView - BV) ;86
BV) SAMSUNG GRAND / NEO;42;Book SView - BV) ;85
BV) SAMSUNG GRAND 2;42;Book SView - BV) ;87
BV) SAMSUNG GRAND PRIME;42;Book SView - BV) ;107
BV) SAMSUNG j1 2016;42;Book SView - BV) ;108
BV) SAMSUNG j1 ace;42;Book SView - BV) ;97
BV) SAMSUNG J1 J100;42;Book SView - BV) ;101
BV) SAMSUNG j2;42;Book SView - BV) ;102
BV) SAMSUNG J3 2016;42;Book SView - BV) ;69517
BV) SAMSUNG J5 2016;42;Book SView - BV) ;69932
BV) SAMSUNG J5 2017;42;Book SView - BV) ;103
BV) SAMSUNG J5 J500;42;Book SView - BV) ;69917
BV) Samsung J5 Prime  ;42;Book SView - BV) ;104
BV) SAMSUNG j7;42;Book SView - BV) ;69915
BV) SAMSUNG j7 2016;42;Book SView - BV) ;69933
BV) SAMSUNG J7 2017;42;Book SView - BV) ;82
BV) SAMSUNG NOTE 1;42;Book SView - BV) ;81
BV) SAMSUNG NOTE 2;42;Book SView - BV) ;80
BV) SAMSUNG NOTE 3;42;Book SView - BV) ;1649
BV) SAMSUNG NOTE 3 NEO;42;Book SView - BV) ;79
BV) SAMSUNG NOTE 4;42;Book SView - BV) ;109
BV) SAMSUNG NOTE 5;42;Book SView - BV) ;78
BV) SAMSUNG NOTE EDGE;42;Book SView - BV) ;96
BV) SAMSUNG S DUOS / TREND PLUS;42;Book SView - BV) ;70
BV) SAMSUNG S2;42;Book SView - BV) ;69
BV) SAMSUNG S3;42;Book SView - BV) ;73
BV) SAMSUNG S3 MINI;42;Book SView - BV) ;68
BV) SAMSUNG S4;42;Book SView - BV) ;72
BV) SAMSUNG S4 MINI;42;Book SView - BV) ;67
BV) SAMSUNG S5;42;Book SView - BV) ;71
BV) SAMSUNG S5 MINI;42;Book SView - BV) ;66
BV) SAMSUNG S6 ;42;Book SView - BV) ;65
BV) SAMSUNG S6 EDGE;42;Book SView - BV) ;1648
BV) SAMSUNG S6 EDGE PLUS;42;Book SView - BV) ;64
BV) SAMSUNG s7;42;Book SView - BV) ;63
BV) SAMSUNG s7 edge;42;Book SView - BV) ;92
BV) SAMSUNG TREND LITE;42;Book SView - BV) ;93
BV) SAMSUNG TREND LITE 2;42;Book SView - BV) ;94
BV) SAMSUNG TREND LITE PLUS;42;Book SView - BV) ;83
BV) SAMSUNG XCOVER 3;42;Book SView - BV) ;98
BV) SAMSUNG YOUNG;42;Book SView - BV) ;99
BV) SAMSUNG YOUNG 2;42;Book SView - BV) ;41
BV) SONY XPERIA E;42;Book SView - BV) ;42
BV) SONY XPERIA E1;42;Book SView - BV) ;43
BV) SONY XPERIA E3;42;Book SView - BV) ;44
BV) SONY XPERIA E4;42;Book SView - BV) ;45
BV) SONY XPERIA E4G;42;Book SView - BV) ;40
BV) SONY XPERIA L;42;Book SView - BV) ;37
BV) SONY XPERIA M;42;Book SView - BV) ;38
BV) SONY XPERIA M2;42;Book SView - BV) ;39
BV) SONY XPERIA M4;42;Book SView - BV) ;34
BV) SONY XPERIA Z;42;Book SView - BV) ;33
BV) SONY XPERIA Z1;42;Book SView - BV) ;36
BV) SONY XPERIA Z1 MINI / COMPACT;42;Book SView - BV) ;32
BV) SONY XPERIA Z2;42;Book SView - BV) ;31
BV) SONY XPERIA Z3;42;Book SView - BV) ;35
BV) SONY XPERIA Z3 MINI / COMPACT;42;Book SView - BV) ;30
BV) SONY XPERIA Z4;42;Book SView - BV) ;29
BV) SONY XPERIA z5;42;Book SView - BV) ;1498
BV) SONY XPERIA Z5 MINI;42;Book SView - BV) ;69711
BV) XIAOMI MI 4C;42;Book SView - BV) ;1596
Cablu / Adaptor 3 IN 1;37;Accesorii / Diverse;#15254
Cablu date Samsung Galaxy S6 G920 Original;25;Accesorii / Diverse;#164389
Cablu date USB - USB Type-C LG G5;40;Accesorii / Diverse;
Cablu date USB - USB Type-C LG G5 Remax;50;Accesorii / Diverse;#106899
Cablu de date Apple iPhone 5 Neoline;30;Accesorii / Diverse;8,59564E+12
Cablu de date Apple iPhone 6 Remax;50;Accesorii / Diverse;69648
Cablu de date iPhone ORIGINAL - 35C4;97;Accesorii / Diverse;69647
Cablu de date Samsung, LG, Nokia - 35D1;35;Accesorii / Diverse;51759
Cablu iPhone USB - 35C1;37;Accesorii / Diverse;69606
Cablu iPhone USB - PNG;37;Accesorii / Diverse;183997
Cablu iPhone USB [ FOREVER ] - 35G3;39;Accesorii / Diverse;27233
Cablu Samsung USB ++ Altele - 35A1;35;Accesorii / Diverse;6,95485E+12
CABLU USB Apple iPhone 5 TX018;30;Accesorii / Diverse;185636
Carcasa Subacvatica Extreme Sports - GoPro;234;Accesorii / Diverse;69650
Card Memorie Kingston Micros SD 8GB - 88B9;67;Accesorii / Diverse;4,25027E+12
Casti audio FANTEC;120;Accesorii / Diverse;69699
CUB) iPhone 5;35;Silicon CUBES;69700
CUB) iPhone 6;35;Silicon CUBES;69701
CUB) iPhone 6 PLUS;35;Silicon CUBES;69702
CUB) SAMSUNG J5 J500;35;Silicon CUBES;
Cutter Micro Nano Sim Ruima;0;Accesorii / Diverse;1105
F) ALLVIEW A4 YOU;20;Folie Simpla - F);1091
F) ALLVIEW A5 DUO;20;Folie Simpla - F);1093
F) ALLVIEW a5 easy;20;Folie Simpla - F);1103
F) ALLVIEW a5 lite;20;Folie Simpla - F);1090
F) ALLVIEW A5 QUAD;20;Folie Simpla - F);1094
F) ALLVIEW a5 quad plus;20;Folie Simpla - F);1092
F) ALLVIEW A5 SMILEY;20;Folie Simpla - F);1102
F) ALLVIEW A6 DUO C6 DUO;20;Folie Simpla - F);1089
F) ALLVIEW A6 QUAD;20;Folie Simpla - F);1116
F) ALLVIEW E2 LIVING;20;Folie Simpla - F);1113
F) ALLVIEW e3 living;20;Folie Simpla - F);1114
F) ALLVIEW E4 LITE;20;Folie Simpla - F);1115
F) ALLVIEW imperia m;20;Folie Simpla - F);1112
F) ALLVIEW IMPERIA S;20;Folie Simpla - F);1088
F) ALLVIEW P5 ALDRO;20;Folie Simpla - F);1100
F) ALLVIEW p5 emagic;20;Folie Simpla - F);1096
F) ALLVIEW p5 energy;20;Folie Simpla - F);1087
F) ALLVIEW P5 QUAD;20;Folie Simpla - F);1085
F) ALLVIEW P6 ENERGY;20;Folie Simpla - F);1084
F) ALLVIEW P6 LIFE;20;Folie Simpla - F);1101
F) ALLVIEW p6 pro;20;Folie Simpla - F);1086
F) ALLVIEW P6 QUAD ;20;Folie Simpla - F);1077
F) ALLVIEW P7 EXTREME;20;Folie Simpla - F);1095
F) ALLVIEW p8 energy;20;Folie Simpla - F);1106
F) ALLVIEW V1 VIPER;20;Folie Simpla - F);1107
F) ALLVIEW V1 VIPER I;20;Folie Simpla - F);1108
F) ALLVIEW V1 VIPER I 4G;20;Folie Simpla - F);1109
F) ALLVIEW V1 VIPER L;20;Folie Simpla - F);1111
F) ALLVIEW V1 VIPER S 4G;20;Folie Simpla - F);1099
F) ALLVIEW v2 viper x;20;Folie Simpla - F);1110
F) ALLVIEW VI VIPER S;20;Folie Simpla - F);1076
F) ALLVIEW X1 EXTREME;20;Folie Simpla - F);1078
F) ALLVIEW X1 SOUL ;20;Folie Simpla - F);1080
F) ALLVIEW X1 SOUL MINI;20;Folie Simpla - F);1079
F) ALLVIEW X2 SOUL;20;Folie Simpla - F);1081
F) ALLVIEW X2 SOUL MINI;20;Folie Simpla - F);1082
F) ALLVIEW X2 SOUL PRO;20;Folie Simpla - F);1098
F) ALLVIEW x2 soul style;20;Folie Simpla - F);1083
F) ALLVIEW X2 TWIN;20;Folie Simpla - F);1097
F) ALLVIEW x3 soul;20;Folie Simpla - F);1104
F) ALLVIEW x3 soul mini;20;Folie Simpla - F);1061
F) HTC 300;20;Folie Simpla - F);1060
F) HTC 310;20;Folie Simpla - F);1059
F) HTC 320;20;Folie Simpla - F);1058
F) HTC 500;20;Folie Simpla - F);1056
F) HTC 510;20;Folie Simpla - F);1057
F) HTC 516;20;Folie Simpla - F);1063
F) HTC 526;20;Folie Simpla - F);1055
F) HTC 600;20;Folie Simpla - F);1054
F) HTC 610;20;Folie Simpla - F);1053
F) HTC 620;20;Folie Simpla - F);1062
F) HTC 626;20;Folie Simpla - F);1052
F) HTC 700;20;Folie Simpla - F);1051
F) HTC 816;20;Folie Simpla - F);1050
F) HTC 820;20;Folie Simpla - F);1045
F) HTC a9;20;Folie Simpla - F);1047
F) HTC M7;20;Folie Simpla - F);1046
F) HTC M8;20;Folie Simpla - F);1044
F) HTC M9;20;Folie Simpla - F);1048
F) HTC ONE MINI;20;Folie Simpla - F);1049
F) HTC ONE MINI 2;20;Folie Simpla - F);1069
F) HUAWEI G6;20;Folie Simpla - F);1068
F) HUAWEI G630;20;Folie Simpla - F);1067
F) HUAWEI P6;20;Folie Simpla - F);1066
F) HUAWEI P7;20;Folie Simpla - F);1065
F) HUAWEI P8 ;20;Folie Simpla - F);1064
F) HUAWEI P8 LITE;20;Folie Simpla - F);1072
F) HUAWEI Y330;20;Folie Simpla - F);1073
F) HUAWEI y5;20;Folie Simpla - F);1071
F) HUAWEI Y511;20;Folie Simpla - F);1070
F) HUAWEI Y530;20;Folie Simpla - F);1075
F) HUAWEI Y540/520;20;Folie Simpla - F);1074
F) HUAWEI y6;20;Folie Simpla - F);1040
F) iPhone 4;20;Folie Simpla - F);1041
F) iPhone 5;20;Folie Simpla - F);1042
F) iPhone 6;20;Folie Simpla - F);1043
F) iPhone 6 plus;20;Folie Simpla - F);69707
F) iPhone 7;20;Folie Simpla - F);69708
F) iPhone 7 PLUS;20;Folie Simpla - F);991
F) LENOVO a1000;20;Folie Simpla - F);992
F) LENOVO a2010;20;Folie Simpla - F);979
F) LENOVO A328;20;Folie Simpla - F);978
F) LENOVO A369;20;Folie Simpla - F);987
F) LENOVO a5000;20;Folie Simpla - F);977
F) LENOVO A536;20;Folie Simpla - F);988
F) LENOVO a6000/6010;20;Folie Simpla - F);989
F) LENOVO a7000;20;Folie Simpla - F);990
F) LENOVO a7010;20;Folie Simpla - F);976
F) LENOVO A859;20;Folie Simpla - F);985
F) LENOVO P70;20;Folie Simpla - F);983
F) LENOVO S580;20;Folie Simpla - F);984
F) LENOVO S60;20;Folie Simpla - F);982
F) LENOVO S850;20;Folie Simpla - F);981
F) LENOVO S860;20;Folie Simpla - F);986
F) LENOVO VIBE X2;20;Folie Simpla - F);980
F) LENOVOA 319;20;Folie Simpla - F);938
F) LG BELLO;20;Folie Simpla - F);937
F) LG F60;20;Folie Simpla - F);933
F) LG G2;20;Folie Simpla - F);935
F) LG G2 MINI;20;Folie Simpla - F);932
F) LG G3;20;Folie Simpla - F);934
F) LG G3 MINI;20;Folie Simpla - F);931
F) LG G4;20;Folie Simpla - F);1491
F) LG G5;20;Folie Simpla - F);944
F) LG k10;20;Folie Simpla - F);942
F) LG k4;20;Folie Simpla - F);943
F) LG k8;20;Folie Simpla - F);939
F) LG L70;20;Folie Simpla - F);940
F) LG L80;20;Folie Simpla - F);941
F) LG L90;20;Folie Simpla - F);936
F) LG LEON;20;Folie Simpla - F);69568
F) LG NEXUS 5;20;Folie Simpla - F);957
F) Microsoft Lumia 435;20;Folie Simpla - F);954
F) Microsoft Lumia 535;20;Folie Simpla - F);958
F) Microsoft Lumia 550;20;Folie Simpla - F);951
F) Microsoft Lumia 630 635;20;Folie Simpla - F);950
F) Microsoft Lumia 640 XL;20;Folie Simpla - F);956
F) NOKIA / Lumia 520;20;Folie Simpla - F);955
F) NOKIA / Lumia 530;20;Folie Simpla - F);953
F) NOKIA / Lumia 625;20;Folie Simpla - F);949
F) NOKIA / Lumia 640;20;Folie Simpla - F);948
F) NOKIA / Lumia 730 - 735;20;Folie Simpla - F);947
F) NOKIA / Lumia 820;20;Folie Simpla - F);946
F) NOKIA / Lumia 830;20;Folie Simpla - F);945
F) NOKIA / Lumia 930;20;Folie Simpla - F);1007
F) SAMSUNG A3;20;Folie Simpla - F);1035
F) SAMSUNG a3 2016;20;Folie Simpla - F);69845
F) Samsung A3 2017;20;Folie Simpla - F);1006
F) SAMSUNG A5;20;Folie Simpla - F);1036
F) SAMSUNG a5 2016;20;Folie Simpla - F);1005
F) SAMSUNG A7;20;Folie Simpla - F);1030
F) SAMSUNG ACE 4;20;Folie Simpla - F);1004
F) SAMSUNG ALPHA;20;Folie Simpla - F);1018
F) SAMSUNG CORE;20;Folie Simpla - F);1019
F) SAMSUNG CORE 2 ;20;Folie Simpla - F);1021
F) SAMSUNG CORE LTE 4G;20;Folie Simpla - F);1020
F) SAMSUNG CORE PRIME;20;Folie Simpla - F);1016
F) SAMSUNG GRAND / NEO;20;Folie Simpla - F);1015
F) SAMSUNG GRAND 2;20;Folie Simpla - F);1017
F) SAMSUNG GRAND PRIME;20;Folie Simpla - F);1037
F) SAMSUNG j1 2016;20;Folie Simpla - F);1038
F) SAMSUNG j1 ace;20;Folie Simpla - F);1027
F) SAMSUNG J1 J100;20;Folie Simpla - F);1031
F) SAMSUNG j2;20;Folie Simpla - F);1032
F) SAMSUNG J3 2016;20;Folie Simpla - F);1033
F) SAMSUNG J5 J500;20;Folie Simpla - F);1034
F) SAMSUNG j7;20;Folie Simpla - F);1012
F) SAMSUNG NOTE 1;20;Folie Simpla - F);1011
F) SAMSUNG NOTE 2;20;Folie Simpla - F);1010
F) SAMSUNG NOTE 3;20;Folie Simpla - F);1009
F) SAMSUNG NOTE 4;20;Folie Simpla - F);1039
F) SAMSUNG NOTE 5;20;Folie Simpla - F);1008
F) SAMSUNG NOTE EDGE;20;Folie Simpla - F);1026
F) SAMSUNG S DUOS / TREND PLUS;20;Folie Simpla - F);1000
F) SAMSUNG S2;20;Folie Simpla - F);999
F) SAMSUNG S3;20;Folie Simpla - F);1003
F) SAMSUNG S3 MINI;20;Folie Simpla - F);998
F) SAMSUNG S4;20;Folie Simpla - F);1002
F) SAMSUNG S4 MINI;20;Folie Simpla - F);997
F) SAMSUNG S5;20;Folie Simpla - F);1001
F) SAMSUNG S5 MINI;20;Folie Simpla - F);996
F) SAMSUNG S6 ;20;Folie Simpla - F);995
F) SAMSUNG S6 EDGE;20;Folie Simpla - F);994
F) SAMSUNG s7;20;Folie Simpla - F);993
F) SAMSUNG s7 edge;20;Folie Simpla - F);69846
F) SAMSUNG s8;20;Folie Simpla - F);1022
F) SAMSUNG TREND LITE;20;Folie Simpla - F);1023
F) SAMSUNG TREND LITE 2;20;Folie Simpla - F);1024
F) SAMSUNG TREND LITE PLUS;20;Folie Simpla - F);1013
F) SAMSUNG XCOVER 3;20;Folie Simpla - F);1028
F) SAMSUNG YOUNG;20;Folie Simpla - F);1029
F) SAMSUNG YOUNG 2;20;Folie Simpla - F);971
F) SONY XPERIA E;20;Folie Simpla - F);972
F) SONY XPERIA E1;20;Folie Simpla - F);973
F) SONY XPERIA E3;20;Folie Simpla - F);974
F) SONY XPERIA E4;20;Folie Simpla - F);975
F) SONY XPERIA E4G;20;Folie Simpla - F);970
F) SONY XPERIA L;20;Folie Simpla - F);967
F) SONY XPERIA M;20;Folie Simpla - F);968
F) SONY XPERIA M2;20;Folie Simpla - F);969
F) SONY XPERIA M4;20;Folie Simpla - F);964
F) SONY XPERIA Z;20;Folie Simpla - F);963
F) SONY XPERIA Z1;20;Folie Simpla - F);966
F) SONY XPERIA Z1 MINI / COMPACT;20;Folie Simpla - F);962
F) SONY XPERIA Z2;20;Folie Simpla - F);961
F) SONY XPERIA Z3;20;Folie Simpla - F);965
F) SONY XPERIA Z3 MINI / COMPACT;20;Folie Simpla - F);960
F) SONY XPERIA Z4;20;Folie Simpla - F);959
F) SONY XPERIA z5;20;Folie Simpla - F);1500
F) SONY Z5 MINI;20;Folie Simpla - F);69607
F3D) IPHONE 6;110;FOLII CURBATE - F3D);69608
F3D) IPHONE 6 PLUS;110;FOLII CURBATE - F3D);69764
F3D) IPHONE 7;110;FOLII CURBATE - F3D);69765
F3D) IPHONE 7 PLUS;110;FOLII CURBATE - F3D);69853
F3D) SAMSUNG A3 2017;110;FOLII CURBATE - F3D);69854
F3D) SAMSUNG A5 2017;110;FOLII CURBATE - F3D);69612
F3D) SAMSUNG NOTE EDGE;110;FOLII CURBATE - F3D);69609
F3D) SAMSUNG S6 EDGE;110;FOLII CURBATE - F3D);69610
F3D) SAMSUNG S6 EDGE PLUS;110;FOLII CURBATE - F3D);69611
F3D) SAMSUNG S7 EDGE;110;FOLII CURBATE - F3D);69855
F3D) SAMSUNG S8;110;FOLII CURBATE - F3D);69856
F3D) SAMSUNG S8 PLUS;110;FOLII CURBATE - F3D);1618
FOG) Iphone 4;57;Folie Oglinda - FOG) ;1597
FOG) Iphone 5/5S/SE;57;Folie Oglinda - FOG) ;1599
FOG) Iphone 6 PLUS;57;Folie Oglinda - FOG) ;1598
FOG) Iphone 6/6S;57;Folie Oglinda - FOG) ;69589
FSH) IPHONE 5;50;Fashion Henna White Floral;69587
FSH) IPHONE 6;50;Fashion Henna White Floral;69588
FSH) IPHONE 6 PLUS;50;Fashion Henna White Floral;69590
FSH) SAMSUNG S6;50;Fashion Henna White Floral;69591
FSH) SAMSUNG S6 EDGE;50;Fashion Henna White Floral;69593
FSH) SAMSUNG S7;50;Fashion Henna White Floral;69592
FSH) SAMSUNG S7 EDGE;50;Fashion Henna White Floral;1650
FST) ALCATEL C7;35;Folie Sticla - FST) ;69807
FST) Alcatel Idol 4;35;Folie Sticla - FST) ;919
FST) ALLVIEW A4 YOU;35;Folie Sticla - FST) ;905
FST) ALLVIEW A5 DUO;35;Folie Sticla - FST) ;907
FST) ALLVIEW a5 easy;35;Folie Sticla - FST) ;917
FST) ALLVIEW a5 lite;35;Folie Sticla - FST) ;904
FST) ALLVIEW A5 QUAD;35;Folie Sticla - FST) ;908
FST) ALLVIEW a5 quad plus;35;Folie Sticla - FST) ;906
FST) ALLVIEW A5 SMILEY;35;Folie Sticla - FST) ;916
FST) ALLVIEW A6 DUO C6 DUO;35;Folie Sticla - FST) ;903
FST) ALLVIEW A6 QUAD;35;Folie Sticla - FST) ;930
FST) ALLVIEW E2 LIVING;35;Folie Sticla - FST) ;927
FST) ALLVIEW e3 living;35;Folie Sticla - FST) ;928
FST) ALLVIEW E4 LITE;35;Folie Sticla - FST) ;929
FST) ALLVIEW imperia m;35;Folie Sticla - FST) ;926
FST) ALLVIEW IMPERIA S;35;Folie Sticla - FST) ;902
FST) ALLVIEW P5 ALDRO;35;Folie Sticla - FST) ;914
FST) ALLVIEW p5 emagic;35;Folie Sticla - FST) ;910
FST) ALLVIEW p5 energy;35;Folie Sticla - FST) ;901
FST) ALLVIEW P5 QUAD;35;Folie Sticla - FST) ;899
FST) ALLVIEW P6 ENERGY;35;Folie Sticla - FST) ;898
FST) ALLVIEW P6 LIFE;35;Folie Sticla - FST) ;915
FST) ALLVIEW p6 pro;35;Folie Sticla - FST) ;900
FST) ALLVIEW P6 QUAD ;35;Folie Sticla - FST) ;891
FST) ALLVIEW P7 EXTREME;35;Folie Sticla - FST) ;909
FST) ALLVIEW p8 energy;35;Folie Sticla - FST) ;920
FST) ALLVIEW V1 VIPER;35;Folie Sticla - FST) ;921
FST) ALLVIEW V1 VIPER I;35;Folie Sticla - FST) ;922
FST) ALLVIEW V1 VIPER I 4G;35;Folie Sticla - FST) ;923
FST) ALLVIEW V1 VIPER L;35;Folie Sticla - FST) ;925
FST) ALLVIEW V1 VIPER S 4G;35;Folie Sticla - FST) ;913
FST) ALLVIEW v2 viper x;35;Folie Sticla - FST) ;924
FST) ALLVIEW VI VIPER S;35;Folie Sticla - FST) ;890
FST) ALLVIEW X1 EXTREME;35;Folie Sticla - FST) ;892
FST) ALLVIEW X1 SOUL ;35;Folie Sticla - FST) ;894
FST) ALLVIEW X1 SOUL MINI;35;Folie Sticla - FST) ;893
FST) ALLVIEW X2 SOUL;35;Folie Sticla - FST) ;895
FST) ALLVIEW X2 SOUL MINI;35;Folie Sticla - FST) ;896
FST) ALLVIEW X2 SOUL PRO;35;Folie Sticla - FST) ;912
FST) ALLVIEW x2 soul style;35;Folie Sticla - FST) ;897
FST) ALLVIEW X2 TWIN;35;Folie Sticla - FST) ;911
FST) ALLVIEW x3 soul;35;Folie Sticla - FST) ;918
FST) ALLVIEW x3 soul mini;35;Folie Sticla - FST) ;1654
FST) ASUS ZENFONE 2;35;Folie Sticla - FST) ;1653
FST) ASUS ZENFONE 2 LASER;35;Folie Sticla - FST) ;69570
FST) Asus Zenfone 2 Laser (Z00ED);35;Folie Sticla - FST) ;69571
FST) Asus Zenfone 2 Laser (ZE550KL);35;Folie Sticla - FST) ;1630
FST) Asus Zenfone GO;35;Folie Sticla - FST) ;1652
FST) ASUS ZENFONE MAX;35;Folie Sticla - FST) ;1651
FST) ASUS ZENFONE SELFIE;35;Folie Sticla - FST) ;69555
FST) BLACKBERRY Z10;35;Folie Sticla - FST) ;69730
FST) HTC 10;35;Folie Sticla - FST) ;875
FST) HTC 300;35;Folie Sticla - FST) ;874
FST) HTC 310;35;Folie Sticla - FST) ;873
FST) HTC 320;35;Folie Sticla - FST) ;872
FST) HTC 500;35;Folie Sticla - FST) ;870
FST) HTC 510;35;Folie Sticla - FST) ;871
FST) HTC 516;35;Folie Sticla - FST) ;877
FST) HTC 526;35;Folie Sticla - FST) ;69572
FST) HTC 530;35;Folie Sticla - FST) ;869
FST) HTC 600;35;Folie Sticla - FST) ;868
FST) HTC 610;35;Folie Sticla - FST) ;867
FST) HTC 620;35;Folie Sticla - FST) ;876
FST) HTC 626;35;Folie Sticla - FST) ;866
FST) HTC 700;35;Folie Sticla - FST) ;69627
FST) HTC 728G;35;Folie Sticla - FST) ;865
FST) HTC 816;35;Folie Sticla - FST) ;864
FST) HTC 820;35;Folie Sticla - FST) ;69573
FST) HTC 825;35;Folie Sticla - FST) ;859
FST) HTC a9;35;Folie Sticla - FST) ;69557
FST) HTC DESIRE EYE;35;Folie Sticla - FST) ;69847
FST) HTC E9;35;Folie Sticla - FST) ;861
FST) HTC M7;35;Folie Sticla - FST) ;860
FST) HTC M8;35;Folie Sticla - FST) ;858
FST) HTC M9;35;Folie Sticla - FST) ;862
FST) HTC ONE MINI;35;Folie Sticla - FST) ;863
FST) HTC ONE MINI 2;35;Folie Sticla - FST) ;69556
FST) HTC ONE X9;35;Folie Sticla - FST) ;69581
FST) HTC sterge!!;33;Silicon (TPU) - S);883
FST) HUAWEI G6;35;Folie Sticla - FST) ;882
FST) HUAWEI G630;35;Folie Sticla - FST) ;69574
FST) HUAWEI G7;35;Folie Sticla - FST) ;69808
FST) Huawei Honor 7 Lite;35;Folie Sticla - FST) ;69809
FST) Huawei Mate 7;35;Folie Sticla - FST) ;69732
FST) HUAWEI MATE 8;35;Folie Sticla - FST) ;69575
FST) HUAWEI MATE S;35;Folie Sticla - FST) ;69628
FST) HUAWEI MATES S;35;Folie Sticla - FST) ;69777
FST) HUAWEI NEXUS 6P;35;Folie Sticla - FST) ;69782
FST) HUAWEI NOVA;35;Folie Sticla - FST) ;69784
FST) HUAWEI NOVA PLUS;35;Folie Sticla - FST) ;69811
FST) HUAWEI P10;35;Folie Sticla - FST) ;69921
FST) HUAWEI P10 LITE;35;Folie Sticla - FST) ;881
FST) HUAWEI P6;35;Folie Sticla - FST) ;880
FST) HUAWEI P7;35;Folie Sticla - FST) ;879
FST) HUAWEI P8 ;35;Folie Sticla - FST) ;878
FST) HUAWEI P8 LITE;35;Folie Sticla - FST) ;1656
FST) HUAWEI P9;35;Folie Sticla - FST) ;69558
FST) HUAWEI P9 LITE;35;Folie Sticla - FST) ;69812
FST) HUAWEI P9 LITE 2017;35;Folie Sticla - FST) ;69778
FST) HUAWEI P9 PLUS;35;Folie Sticla - FST) ;69813
FST) HUAWEI Y3 II;35;Folie Sticla - FST) ;886
FST) HUAWEI Y330;35;Folie Sticla - FST) ;887
FST) HUAWEI y5;35;Folie Sticla - FST) ;69814
FST) HUAWEI Y5 II;35;Folie Sticla - FST) ;885
FST) HUAWEI Y511;35;Folie Sticla - FST) ;884
FST) HUAWEI Y530;35;Folie Sticla - FST) ;889
FST) HUAWEI Y540/520;35;Folie Sticla - FST) ;69848
FST) HUAWEI Y550;35;Folie Sticla - FST) ;69733
FST) HUAWEI Y560;35;Folie Sticla - FST) ;888
FST) HUAWEI y6;35;Folie Sticla - FST) ;69734
FST) HUAWEI y6 II;35;Folie Sticla - FST) ;854
FST) iPhone 4;35;Folie Sticla - FST) ;855
FST) iPhone 5;35;Folie Sticla - FST) ;856
FST) iPhone 6;35;Folie Sticla - FST) ;857
FST) iPhone 6 plus;35;Folie Sticla - FST) ;69735
FST) iPhone 7;35;Folie Sticla - FST) ;69736
FST) iPhone 7 plus;35;Folie Sticla - FST) ;805
FST) LENOVO a1000;35;Folie Sticla - FST) ;806
FST) LENOVO a2010;35;Folie Sticla - FST) ;69561
FST) LENOVO a2020;35;Folie Sticla - FST) ;793
FST) LENOVO A328;35;Folie Sticla - FST) ;792
FST) LENOVO A369;35;Folie Sticla - FST) ;801
FST) LENOVO a5000;35;Folie Sticla - FST) ;791
FST) LENOVO A536;35;Folie Sticla - FST) ;802
FST) LENOVO a6000/6010;35;Folie Sticla - FST) ;803
FST) LENOVO a7000;35;Folie Sticla - FST) ;804
FST) LENOVO a7010;35;Folie Sticla - FST) ;790
FST) LENOVO A859;35;Folie Sticla - FST) ;69779
FST) LENOVO K5;35;Folie Sticla - FST) ;69737
FST) LENOVO K6;35;Folie Sticla - FST) ;69918
FST) Lenovo P2;35;Folie Sticla - FST) ;799
FST) LENOVO P70;35;Folie Sticla - FST) ;69629
FST) LENOVO S1;35;Folie Sticla - FST) ;797
FST) LENOVO S580;35;Folie Sticla - FST) ;798
FST) LENOVO S60;35;Folie Sticla - FST) ;796
FST) LENOVO S850;35;Folie Sticla - FST) ;795
FST) LENOVO S860;35;Folie Sticla - FST) ;69559
FST) LENOVO VIBE P1;35;Folie Sticla - FST) ;69738
FST) LENOVO VIBE S1;35;Folie Sticla - FST) ;69849
FST) LENOVO VIBE S1 LITE;35;Folie Sticla - FST) ;800
FST) LENOVO VIBE X2;35;Folie Sticla - FST) ;69560
FST) LENOVO VIBE X3;35;Folie Sticla - FST) ;1657
FST) LENOVO Z90-7;35;Folie Sticla - FST) ;794
FST) LENOVOA 319;35;Folie Sticla - FST) ;752
FST) LG BELLO;35;Folie Sticla - FST) ;751
FST) LG F60;35;Folie Sticla - FST) ;1658
FST) LG FLEX;35;Folie Sticla - FST) ;69922
FST) LG G Flex 2;35;Folie Sticla - FST) ;747
FST) LG G2;35;Folie Sticla - FST) ;749
FST) LG G2 MINI;35;Folie Sticla - FST) ;746
FST) LG G3;35;Folie Sticla - FST) ;748
FST) LG G3 MINI;35;Folie Sticla - FST) ;745
FST) LG G4;35;Folie Sticla - FST) ;1492
FST) LG G5;35;Folie Sticla - FST) ;69927
FST) LG G6;35;Folie Sticla - FST) ;758
FST) LG k10;35;Folie Sticla - FST) ;756
FST) LG k4;35;Folie Sticla - FST) ;69928
FST) LG k4 2017;35;Folie Sticla - FST) ;757
FST) LG k8;35;Folie Sticla - FST) ;753
FST) LG L70;35;Folie Sticla - FST) ;754
FST) LG L80;35;Folie Sticla - FST) ;755
FST) LG L90;35;Folie Sticla - FST) ;750
FST) LG LEON;35;Folie Sticla - FST) ;69920
FST) LG Nexus 5X;35;Folie Sticla - FST) ;1659
FST) LUMIA 430;35;Folie Sticla - FST) ;69576
FST) Meizu M2;35;Folie Sticla - FST) ;771
FST) Microsoft Lumia 435;35;Folie Sticla - FST) ;768
FST) Microsoft Lumia 535;35;Folie Sticla - FST) ;772
FST) Microsoft Lumia 550;35;Folie Sticla - FST) ;765
FST) Microsoft Lumia 630 635;35;Folie Sticla - FST) ;764
FST) Microsoft Lumia 640 XL;35;Folie Sticla - FST) ;69780
FST) Motorola Moto G;35;Folie Sticla - FST) ;69815
FST) Motorola Moto Z Play;35;Folie Sticla - FST) ;1663
FST) NEXUS 5;35;Folie Sticla - FST) ;69740
FST) NO NAME;35;Folie Sticla - FST) ;770
FST) NOKIA / Lumia 520;35;Folie Sticla - FST) ;769
FST) NOKIA / Lumia 530;35;Folie Sticla - FST) ;69562
FST) NOKIA / Lumia 532;35;Folie Sticla - FST) ;767
FST) NOKIA / Lumia 625;35;Folie Sticla - FST) ;1660
FST) NOKIA / Lumia 630 635;35;Folie Sticla - FST) ;763
FST) NOKIA / Lumia 640;35;Folie Sticla - FST) ;1629
FST) NOKIA / Lumia 650;35;Folie Sticla - FST) ;762
FST) NOKIA / Lumia 730 - 735;35;Folie Sticla - FST) ;761
FST) NOKIA / Lumia 820;35;Folie Sticla - FST) ;760
FST) NOKIA / Lumia 830;35;Folie Sticla - FST) ;759
FST) NOKIA / Lumia 930;35;Folie Sticla - FST) ;69781
FST) NOKIA / Lumia 950;35;Folie Sticla - FST) ;69850
FST) Nokia Lumia 950 XL;35;Folie Sticla - FST) ;69739
FST) ONE PLUS 3;35;Folie Sticla - FST) ;1655
FST) ONE PLUS X;35;Folie Sticla - FST) ;821
FST) SAMSUNG A3;35;Folie Sticla - FST) ;849
FST) SAMSUNG a3 2016;35;Folie Sticla - FST) ;69816
FST) Samsung A3 2017;35;Folie Sticla - FST) ;820
FST) SAMSUNG A5;35;Folie Sticla - FST) ;850
FST) SAMSUNG a5 2016;35;Folie Sticla - FST) ;69817
FST) Samsung A5 2017;35;Folie Sticla - FST) ;819
FST) SAMSUNG A7;35;Folie Sticla - FST) ;69563
FST) SAMSUNG A8;35;Folie Sticla - FST) ;844
FST) SAMSUNG ACE 4;35;Folie Sticla - FST) ;818
FST) SAMSUNG ALPHA;35;Folie Sticla - FST) ;69741
FST) SAMSUNG C5;35;Folie Sticla - FST) ;69851
FST) SAMSUNG C7;35;Folie Sticla - FST) ;832
FST) SAMSUNG CORE;35;Folie Sticla - FST) ;833
FST) SAMSUNG CORE 2 ;35;Folie Sticla - FST) ;835
FST) SAMSUNG CORE LTE 4G;35;Folie Sticla - FST) ;834
FST) SAMSUNG CORE PRIME;35;Folie Sticla - FST) ;69630
FST) SAMSUNG EXPRESS 2;35;Folie Sticla - FST) ;830
FST) SAMSUNG GRAND / NEO;35;Folie Sticla - FST) ;69742
FST) SAMSUNG GRAND / NEO PLUS;35;Folie Sticla - FST) ;829
FST) SAMSUNG GRAND 2;35;Folie Sticla - FST) ;831
FST) SAMSUNG GRAND PRIME;35;Folie Sticla - FST) ;851
FST) SAMSUNG j1 2016;35;Folie Sticla - FST) ;852
FST) SAMSUNG j1 ace;35;Folie Sticla - FST) ;841
FST) SAMSUNG J1 J100;35;Folie Sticla - FST) ;845
FST) SAMSUNG j2;35;Folie Sticla - FST) ;69929
FST) SAMSUNG J2 Prime;35;Folie Sticla - FST) ;69564
FST) SAMSUNG J3 2016;35;Folie Sticla - FST) ;846
FST) SAMSUNG J3 2016;35;Folie Sticla - FST) ;69934
FST) SAMSUNG J3 2017;35;Folie Sticla - FST) ;69565
FST) SAMSUNG J5 2016;35;Folie Sticla - FST) ;69935
FST) SAMSUNG J5 2017;35;Folie Sticla - FST) ;847
FST) SAMSUNG J5 J500;35;Folie Sticla - FST) ;848
FST) SAMSUNG j7;35;Folie Sticla - FST) ;69743
FST) SAMSUNG j7 2016;35;Folie Sticla - FST) ;69936
FST) SAMSUNG j7 2017;35;Folie Sticla - FST) ;69566
FST) SAMSUNG MEGA 2;35;Folie Sticla - FST) ;826
FST) SAMSUNG NOTE 1;35;Folie Sticla - FST) ;825
FST) SAMSUNG NOTE 2;35;Folie Sticla - FST) ;824
FST) SAMSUNG NOTE 3;35;Folie Sticla - FST) ;823
FST) SAMSUNG NOTE 4;35;Folie Sticla - FST) ;853
FST) SAMSUNG NOTE 5;35;Folie Sticla - FST) ;822
FST) SAMSUNG NOTE EDGE;35;Folie Sticla - FST) ;840
FST) SAMSUNG S DUOS / TREND PLUS;35;Folie Sticla - FST) ;814
FST) SAMSUNG S2;35;Folie Sticla - FST) ;813
FST) SAMSUNG S3;35;Folie Sticla - FST) ;817
FST) SAMSUNG S3 MINI;35;Folie Sticla - FST) ;812
FST) SAMSUNG S4;35;Folie Sticla - FST) ;816
FST) SAMSUNG S4 MINI;35;Folie Sticla - FST) ;811
FST) SAMSUNG S5;35;Folie Sticla - FST) ;815
FST) SAMSUNG S5 MINI;35;Folie Sticla - FST) ;810
FST) SAMSUNG S6 ;35;Folie Sticla - FST) ;809
FST) SAMSUNG S6 EDGE;35;Folie Sticla - FST) ;69577
FST) SAMSUNG S6 EDGE PLUS;35;Folie Sticla - FST) ;808
FST) SAMSUNG s7;35;Folie Sticla - FST) ;807
FST) SAMSUNG s7 edge;35;Folie Sticla - FST) ;836
FST) SAMSUNG TREND LITE;35;Folie Sticla - FST) ;837
FST) SAMSUNG TREND LITE 2;35;Folie Sticla - FST) ;838
FST) SAMSUNG TREND LITE PLUS;35;Folie Sticla - FST) ;827
FST) SAMSUNG XCOVER 3;35;Folie Sticla - FST) ;842
FST) SAMSUNG YOUNG;35;Folie Sticla - FST) ;843
FST) SAMSUNG YOUNG 2;35;Folie Sticla - FST) ;69578
FST) SONY M5 AQUA;35;Folie Sticla - FST) ;785
FST) SONY XPERIA E;35;Folie Sticla - FST) ;786
FST) SONY XPERIA E1;35;Folie Sticla - FST) ;787
FST) SONY XPERIA E3;35;Folie Sticla - FST) ;788
FST) SONY XPERIA E4;35;Folie Sticla - FST) ;789
FST) SONY XPERIA E4G;35;Folie Sticla - FST) ;784
FST) SONY XPERIA L;35;Folie Sticla - FST) ;781
FST) SONY XPERIA M;35;Folie Sticla - FST) ;782
FST) SONY XPERIA M2;35;Folie Sticla - FST) ;1662
FST) SONY XPERIA M2 AQUA;35;Folie Sticla - FST) ;783
FST) SONY XPERIA M4;35;Folie Sticla - FST) ;1661
FST) SONY XPERIA T2 ULTRA;35;Folie Sticla - FST) ;69819
FST) Sony Xperia X F5121;35;Folie Sticla - FST) ;69919
FST) SONY XPERIA XZ;35;Folie Sticla - FST) ;778
FST) SONY XPERIA Z;35;Folie Sticla - FST) ;777
FST) SONY XPERIA Z1;35;Folie Sticla - FST) ;1643
FST) SONY XPERIA Z1 MINI;35;Folie Sticla - FST) ;780
FST) SONY XPERIA Z1 MINI / COMPACT;35;Folie Sticla - FST) ;776
FST) SONY XPERIA Z2;35;Folie Sticla - FST) ;775
FST) SONY XPERIA Z3;35;Folie Sticla - FST) ;779
FST) SONY XPERIA Z3 MINI / COMPACT;35;Folie Sticla - FST) ;774
FST) SONY XPERIA Z4;35;Folie Sticla - FST) ;773
FST) SONY XPERIA z5;35;Folie Sticla - FST) ;69783
FST) XIAOMI Mi MAX;35;Folie Sticla - FST) ;69567
FST) XIAOMI REDMI NOTE 3;35;Folie Sticla - FST) ;69852
FST) XIAOMI REDMI NOTE 4;35;Folie Sticla - FST) ;69905
GRA) iPhone 6;55;ANTIGRAVITY - GRA;69906
GRA) iPhone 6 PLUS;55;ANTIGRAVITY - GRA;69907
GRA) iPhone 7;55;ANTIGRAVITY - GRA;69908
GRA) iPhone 7 PLUS;55;ANTIGRAVITY - GRA;69909
GRA) SAMSUNG S7 EDGE;55;ANTIGRAVITY - GRA;69910
GRA) SAMSUNG S8;55;ANTIGRAVITY - GRA;69911
GRA) SAMSUNG S8 PLUS;55;ANTIGRAVITY - GRA;1600
HA) Iphone 5;39;Huse Aurite - HA);1601
HA) Iphone 6;39;Huse Aurite - HA);1602
HA) Iphone 6 Plus;39;Huse Aurite - HA);69631
HA) Iphone 7;39;Huse Aurite - HA);69712
HA) Iphone 7 Plus;39;Huse Aurite - HA);1616
HA) Samsung A5 2016;39;Huse Aurite - HA);1617
HA) Samsung J5 2016;39;Huse Aurite - HA);69579
HA) Samsung J5 J500;39;Huse Aurite - HA);69713
HA) Samsung S5;39;Huse Aurite - HA);1613
HA) Samsung S6;39;Huse Aurite - HA);1615
HA) Samsung S6 EDGE;39;Huse Aurite - HA);1603
HA) Samsung S7;39;Huse Aurite - HA);1604
HA) Samsung S7 EDGE;39;Huse Aurite - HA);69521
HAF) IPHONE 5;42;Huse Aurite Fashion - HAF);69522
HAF) IPHONE 6;42;Huse Aurite Fashion - HAF);69714
HAF) IPHONE 6 PLUS;42;Huse Aurite Fashion - HAF);69715
HAF) IPHONE 7;42;Huse Aurite Fashion - HAF);69716
HAF) IPHONE 7 PLUS;42;Huse Aurite Fashion - HAF);69523
HAF) SAMSUNG A5 2016;42;Huse Aurite Fashion - HAF);69527
HAF) SAMSUNG J5 J500;42;Huse Aurite Fashion - HAF);69524
HAF) SAMSUNG S6;42;Huse Aurite Fashion - HAF);69525
HAF) SAMSUNG S6 EDGE;42;Huse Aurite Fashion - HAF);69526
HAF) SAMSUNG S7 EDGE;42;Huse Aurite Fashion - HAF);#87160
Handsfree Apple iPhone 6 Blister;45;Accesorii / Diverse;
Handsfree Apple iPhone 6 rosu;40;Accesorii / Diverse;5,9005E+12
Handsfree Bluetooth Forever MF300 Blister;65;Accesorii / Diverse;176500
Handsfree Forever Alb - 19J17;45;Accesorii / Diverse;51760
Handsfree iPhone - 35A2;49;Accesorii / Diverse;69823
Handsfree iPhone - SLB;20;Accesorii / Diverse;42801
Handsfree Samsung Alb - 35B9;40;Accesorii / Diverse;69810
Huawei Mate 9;35;Folie Sticla - FST) ;69479
Husa Apple iPad Pro 9.7 ENKAY;165;Accesorii / Diverse;183082
Husa de Brat - Mana iPhone 6 Premium;49;Accesorii / Diverse;4,89132E+12
Husa iPhone 5 Ferrari ;80;Accesorii / Diverse;69476
Husa piele Apple iPad Air 2 Haweel;135;Accesorii / Diverse;69471
Husa piele Apple iPad Air Cross;97;Accesorii / Diverse;69475
Husa piele Asus ZenPad 10;135;Accesorii / Diverse;5,9005E+12
Husa Piele Huawei P8 Case;40;Accesorii / Diverse;69477
Husa piele Lenovo Tab 2 A10;115;Accesorii / Diverse;69473
Husa piele Lenovo Tab 2 A8;97;Accesorii / Diverse;5,9005E+12
Husa piele LG G4 Smart Magnet;40;Accesorii / Diverse;
Husa Piele Microsoft Lumia 950 XL;40;Accesorii / Diverse;R57F30EW1SF
Husa piele Samsung Galaxy S5 original;80;Accesorii / Diverse;69470
Husa piele Samsung Galaxy Tab 3 Lite 7.0;75;Accesorii / Diverse;69472
Husa piele Samsung Galaxy Tab 4 10.1 ;115;Accesorii / Diverse;69478
Husa piele Samsung Galaxy Tab A 7.0;85;Accesorii / Diverse;69474
Husa piele Samsung Galaxy Tab A 9.7;125;Accesorii / Diverse;
Husa plastic Apple iPhone 6 Tough Armor;50;Accesorii / Diverse;
Husa plastic Samsung I8190 Galaxy S III;32;Silicon Slim (TPU) - SL) ;
Husa silicon TPU Apple iPhone 6 Wood;60;Accesorii / Diverse;1517
Husa silicon TPU Samsung Galaxy S6;33;Silicon (TPU) - S);
Husa silicon TPU Sony Xperia Z5;33;Silicon (TPU) - S);177067
Husa Subacvatica Originala 5.5 Inch;64;Accesorii / Diverse;179431
Husa Subacvatica Portocalie 4.8 - 5.8 Inch ;44;Accesorii / Diverse;1689
"HUSA TABLETA 10""";85;TABLETE;1687
"HUSA TABLETA 7""";85;TABLETE;1688
"HUSA TABLETA 8""";80;TABLETE;69620
"HUSA UNIVERSALA 4.1"" -  4.5""";30;Accesorii / Diverse;1594
HUSA UNIVERSALA 5'1 / 5'5;30;Accesorii / Diverse;158534
Husa Universala Caseit XL - 60G10;35;Accesorii / Diverse;113955
Husa Universala Costra S - 40D1;34;Accesorii / Diverse;5,9005E+12
Incarcator mobil de urgenta Setty 4000mA alb;60;Accesorii / Diverse;69649
Incarcator retea Samsung, LG, Nokia - 35G7;40;Accesorii / Diverse;69459
Incarcator Samsung + Cablu Alb - 37G5;65;Accesorii / Diverse;69831
INEL TELEFON (NEGRU);32;Accesorii / Diverse;
iPhone 6 Dog;45;Silicon Fashion  - SF) ;5,9005E+12
Kit Lentile Camera telefon;50;Accesorii / Diverse;69766
LMN) iPhone 5;43;Lemn Imitatie;69767
LMN) iPhone 6;43;Lemn Imitatie;69768
LMN) iPhone 6 plus;43;Lemn Imitatie;3,67736E+11
Mini difuzor Setty Pocket Blister;50;Accesorii / Diverse;178703
Monopod Extensibil Selfie  - 68D7;65;Accesorii / Diverse;5,9005E+12
Monopod extensibil Selfie Forever Mirror;50;Accesorii / Diverse;69624
PLC) SAMSUNG J5 J500;30;PLASTIC CAUCIUCAT - PLC);69830
POPSOCKET;45;Accesorii / Diverse;6,95485E+12
Remax Casca Audio 100H;150;Accesorii / Diverse;1543
S) Alcatel One touch Idol 2;33;Silicon (TPU) - S);1546
S) Alcatel One Touch Idol Mini;33;Silicon (TPU) - S);1547
S) Alcatel One Touch Pop C7;33;Silicon (TPU) - S);1545
S) Alcatel One Touch X;33;Silicon (TPU) - S);69744
S) Alcatel POP 4 Pudding;33;Silicon (TPU) - S);547
S) ALLVIEW A4 YOU;33;Silicon (TPU) - S);533
S) ALLVIEW A5 DUO;33;Silicon (TPU) - S);535
S) ALLVIEW a5 easy;33;Silicon (TPU) - S);545
S) ALLVIEW a5 lite;33;Silicon (TPU) - S);532
S) ALLVIEW A5 QUAD;33;Silicon (TPU) - S);536
S) ALLVIEW a5 quad plus;33;Silicon (TPU) - S);534
S) ALLVIEW A5 SMILEY;33;Silicon (TPU) - S);544
S) ALLVIEW A6 DUO C6 DUO;33;Silicon (TPU) - S);69621
S) ALLVIEW A6 DUO C6 DUO;33;Silicon (TPU) - S);531
S) ALLVIEW A6 QUAD;33;Silicon (TPU) - S);69484
S) ALLVIEW A7 LITE;33;Silicon (TPU) - S);558
S) ALLVIEW E2 LIVING;33;Silicon (TPU) - S);555
S) ALLVIEW e3 living;33;Silicon (TPU) - S);556
S) ALLVIEW E4 LITE;33;Silicon (TPU) - S);1606
S) Allview EO Living 3;33;Silicon (TPU) - S);557
S) ALLVIEW imperia m;33;Silicon (TPU) - S);554
S) ALLVIEW IMPERIA S;33;Silicon (TPU) - S);1548
S) ALLVIEW P4 ALLDRO;33;Silicon (TPU) - S);530
S) ALLVIEW P5 ALDRO;33;Silicon (TPU) - S);542
S) ALLVIEW p5 emagic;33;Silicon (TPU) - S);538
S) ALLVIEW p5 energy;33;Silicon (TPU) - S);69640
S) Allview P5 LIFE;33;Silicon (TPU) - S);1549
S) ALLVIEW P5 QMAX;33;Silicon (TPU) - S);529
S) ALLVIEW P5 QUAD;33;Silicon (TPU) - S);527
S) ALLVIEW P6 ENERGY;33;Silicon (TPU) - S);526
S) ALLVIEW P6 LIFE;33;Silicon (TPU) - S);543
S) ALLVIEW p6 pro;33;Silicon (TPU) - S);69485
S) ALLVIEW P6 QMAX;33;Silicon (TPU) - S);528
S) ALLVIEW P6 QUAD ;33;Silicon (TPU) - S);519
S) ALLVIEW P7 EXTREME;33;Silicon (TPU) - S);537
S) ALLVIEW p8 energy;33;Silicon (TPU) - S);69486
S) ALLVIEW p8 energy mini;33;Silicon (TPU) - S);69622
S) ALLVIEW p8 energy PRO;33;Silicon (TPU) - S);69773
S) ALLVIEW P8 EXTREME;33;Silicon (TPU) - S);1607
S) Allview P8 PRO;33;Silicon (TPU) - S);548
S) ALLVIEW V1 VIPER;33;Silicon (TPU) - S);69487
S) ALLVIEW V1 Viper E;33;Silicon (TPU) - S);549
S) ALLVIEW V1 VIPER I;33;Silicon (TPU) - S);550
S) ALLVIEW V1 VIPER I 4G;33;Silicon (TPU) - S);551
S) ALLVIEW V1 VIPER L;33;Silicon (TPU) - S);553
S) ALLVIEW V1 VIPER S 4G;33;Silicon (TPU) - S);69860
S) ALLVIEW v2 viper e;33;Silicon (TPU) - S);541
S) ALLVIEW v2 viper x;33;Silicon (TPU) - S);69651
S) ALLVIEW V2 Viper X PLUS;33;Silicon (TPU) - S);552
S) ALLVIEW VI VIPER S;33;Silicon (TPU) - S);1608
S) Allview Viper S 4G;33;Silicon (TPU) - S);518
S) ALLVIEW X1 EXTREME;33;Silicon (TPU) - S);520
S) ALLVIEW X1 SOUL ;33;Silicon (TPU) - S);522
S) ALLVIEW X1 SOUL MINI;33;Silicon (TPU) - S);521
S) ALLVIEW X2 SOUL;33;Silicon (TPU) - S);1674
S) ALLVIEW X2 SOUL EXTREM;33;Silicon (TPU) - S);69652
S) ALLVIEW X2 SOUL LITE;33;Silicon (TPU) - S);523
S) ALLVIEW X2 SOUL MINI;33;Silicon (TPU) - S);524
S) ALLVIEW X2 SOUL PRO;33;Silicon (TPU) - S);540
S) ALLVIEW x2 soul style;33;Silicon (TPU) - S);525
S) ALLVIEW X2 TWIN;33;Silicon (TPU) - S);539
S) ALLVIEW x3 soul;33;Silicon (TPU) - S);546
S) ALLVIEW x3 soul mini;33;Silicon (TPU) - S);69653
S) ALLVIEW x3 soul PLUS;33;Silicon (TPU) - S);1553
S) BLACKBERRY Q10;33;Silicon (TPU) - S);69580
S) BLACKBERRY Q20;33;Silicon (TPU) - S);1552
S) BLACKBERRY Q5;33;Silicon (TPU) - S);1554
S) BLACKBERRY Z10;33;Silicon (TPU) - S);1664
S) BLACKBERRY Z30;33;Silicon (TPU) - S);69785
S) HTC 10;33;Silicon (TPU) - S);503
S) HTC 300;33;Silicon (TPU) - S);502
S) HTC 310;33;Silicon (TPU) - S);501
S) HTC 320;33;Silicon (TPU) - S);500
S) HTC 500;33;Silicon (TPU) - S);498
S) HTC 510;33;Silicon (TPU) - S);499
S) HTC 516;33;Silicon (TPU) - S);505
S) HTC 526;33;Silicon (TPU) - S);69547
S) HTC 530;33;Silicon (TPU) - S);497
S) HTC 600;33;Silicon (TPU) - S);496
S) HTC 610;33;Silicon (TPU) - S);495
S) HTC 620;33;Silicon (TPU) - S);504
S) HTC 626;33;Silicon (TPU) - S);494
S) HTC 700;33;Silicon (TPU) - S);493
S) HTC 800 / 816;33;Silicon (TPU) - S);492
S) HTC 820;33;Silicon (TPU) - S);69745
S) HTC 825;33;Silicon (TPU) - S);487
S) HTC a9;33;Silicon (TPU) - S);69746
S) HTC Butterfly 3 pudding;33;Silicon (TPU) - S);1556
S) HTC DESIRE 200;33;Silicon (TPU) - S);1555
S) HTC DESIRE C ;33;Silicon (TPU) - S);69747
S) HTC E9;33;Silicon (TPU) - S);489
S) HTC M7;33;Silicon (TPU) - S);488
S) HTC M8;33;Silicon (TPU) - S);486
S) HTC M9;33;Silicon (TPU) - S);1557
S) HTC ONE E8;33;Silicon (TPU) - S);490
S) HTC ONE MINI / M4;33;Silicon (TPU) - S);491
S) HTC ONE MINI 2;33;Silicon (TPU) - S);1558
S) HTC ONE S;33;Silicon (TPU) - S);1559
S) HTC ONE SV;33;Silicon (TPU) - S);1560
S) HTC WINDOWS 8S;33;Silicon (TPU) - S);1561
S) HTC WINDOWS 8X;33;Silicon (TPU) - S);1627
S) Huawei 625;33;Silicon (TPU) - S);1562
S) HUAWEI ASCEND G300;33;Silicon (TPU) - S);1563
S) HUAWEI ASCEND G510;33;Silicon (TPU) - S);1564
S) HUAWEI ASCEND Y300;33;Silicon (TPU) - S);1565
S) HUAWEI ASCEND Y550;33;Silicon (TPU) - S);511
S) HUAWEI G6;33;Silicon (TPU) - S);510
S) HUAWEI G630;33;Silicon (TPU) - S);69748
S) HUAWEI G7;33;Silicon (TPU) - S);69549
S) HUAWEI HONOR 6;33;Silicon (TPU) - S);69923
S) HUAWEI HONOR 6X;33;Silicon (TPU) - S);69731
S) HUAWEI HONOR 8;33;Silicon (TPU) - S);69925
S) HUAWEI MATE S;33;Silicon (TPU) - S);1566
S) HUAWEI NEXUS 6P;33;Silicon (TPU) - S);69861
S) HUAWEI NOVA;33;Silicon (TPU) - S);69862
S) HUAWEI P10;33;Silicon (TPU) - S);69924
S) HUAWEI P10 LITE;33;Silicon (TPU) - S);509
S) HUAWEI P6;33;Silicon (TPU) - S);508
S) HUAWEI P7;33;Silicon (TPU) - S);507
S) HUAWEI P8 ;33;Silicon (TPU) - S);69938
S) HUAWEI P8 LITE 2017;33;Silicon (TPU) - S);1567
S) HUAWEI P9;33;Silicon (TPU) - S);1665
S) HUAWEI P9 LITE;33;Silicon (TPU) - S);69939
S) HUAWEI P9 LITE 2017;33;Silicon (TPU) - S);69863
S) HUAWEI P9 LITE 2017;33;Silicon (TPU) - S);69749
S) HUAWEI P9 PLUS;33;Silicon (TPU) - S);514
S) HUAWEI Y330;33;Silicon (TPU) - S);69750
S) HUAWEI Y5 II;33;Silicon (TPU) - S);515
S) HUAWEI Y5 Y560;33;Silicon (TPU) - S);513
S) HUAWEI Y511;33;Silicon (TPU) - S);512
S) HUAWEI Y530;33;Silicon (TPU) - S);517
S) HUAWEI Y540/520;33;Silicon (TPU) - S);516
S) HUAWEI y6;33;Silicon (TPU) - S);69548
S) HUAWEI Y625;33;Silicon (TPU) - S);1550
S) IPHONE 3GS;33;Silicon (TPU) - S);482
S) iPhone 4;33;Silicon (TPU) - S);483
S) iPhone 5;33;Silicon (TPU) - S);1551
S) IPHONE 5C;33;Silicon (TPU) - S);484
S) iPhone 6;33;Silicon (TPU) - S);485
S) iPhone 6 plus;33;Silicon (TPU) - S);69751
S) iPhone 7;33;Silicon (TPU) - S);69752
S) iPhone 7 PLUS;33;Silicon (TPU) - S);433
S) LENOVO a1000;33;Silicon (TPU) - S);434
S) LENOVO a2010;33;Silicon (TPU) - S);421
S) LENOVO A328;33;Silicon (TPU) - S);420
S) LENOVO A369;33;Silicon (TPU) - S);429
S) LENOVO a5000;33;Silicon (TPU) - S);419
S) LENOVO A536;33;Silicon (TPU) - S);430
S) LENOVO a6000/6010;33;Silicon (TPU) - S);69753
S) LENOVO a6000/6010 pudding;33;Silicon (TPU) - S);69754
S) LENOVO a6020 pudding;33;Silicon (TPU) - S);431
S) LENOVO a7000;33;Silicon (TPU) - S);432
S) LENOVO a7010;33;Silicon (TPU) - S);418
S) LENOVO A859;33;Silicon (TPU) - S);69786
S) LENOVO K6;33;Silicon (TPU) - S);69864
S) Lenovo K6 Note;33;Silicon (TPU) - S);427
S) LENOVO P70;33;Silicon (TPU) - S);69490
S) LENOVO S1;33;Silicon (TPU) - S);425
S) LENOVO S580;33;Silicon (TPU) - S);426
S) LENOVO S60;33;Silicon (TPU) - S);424
S) LENOVO S850;33;Silicon (TPU) - S);1568
S) LENOVO S856;33;Silicon (TPU) - S);423
S) LENOVO S860;33;Silicon (TPU) - S);1569
S) LENOVO S90 SISLEY;33;Silicon (TPU) - S);69755
S) LENOVO Vibe B pudding;33;Silicon (TPU) - S);1673
S) LENOVO VIBE C;33;Silicon (TPU) - S);69488
S) LENOVO VIBE P1;33;Silicon (TPU) - S);428
S) LENOVO VIBE X2;33;Silicon (TPU) - S);69489
S) LENOVO VIBE X3;33;Silicon (TPU) - S);1570
S) LENOVO VIBE Z2;33;Silicon (TPU) - S);69756
S) LENOVO Z2 PRO pudding;33;Silicon (TPU) - S);422
S) LENOVOA 319;33;Silicon (TPU) - S);380
S) LG BELLO;33;Silicon (TPU) - S);379
S) LG F60;33;Silicon (TPU) - S);69632
S) LG G PRO;33;Silicon (TPU) - S);375
S) LG G2;33;Silicon (TPU) - S);377
S) LG G2 MINI;33;Silicon (TPU) - S);374
S) LG G3;33;Silicon (TPU) - S);376
S) LG G3 MINI;33;Silicon (TPU) - S);373
S) LG G4;33;Silicon (TPU) - S);1585
S) LG G4 C;33;Silicon (TPU) - S);1493
S) LG G5;33;Silicon (TPU) - S);69865
S) LG G6;33;Silicon (TPU) - S);386
S) LG k10;33;Silicon (TPU) - S);69930
S) LG k10 2017;33;Silicon (TPU) - S);384
S) LG k4;33;Silicon (TPU) - S);385
S) LG k8;33;Silicon (TPU) - S);1586
S) LG L40;33;Silicon (TPU) - S);381
S) LG L70;33;Silicon (TPU) - S);382
S) LG L80;33;Silicon (TPU) - S);383
S) LG L90;33;Silicon (TPU) - S);378
S) LG LEON;33;Silicon (TPU) - S);1667
S) LG MAGNA;33;Silicon (TPU) - S);1587
S) LG NEXUS 4;33;Silicon (TPU) - S);69550
S) LG NEXUS 5X;33;Silicon (TPU) - S);1590
S) LG OPTIMUS L3 II;33;Silicon (TPU) - S);1591
S) LG OPTIMUS L5 II;33;Silicon (TPU) - S);69551
S) LG SPIRIT;33;Silicon (TPU) - S);69787
S) LG X SCREEN;33;Silicon (TPU) - S);69757
S) Meizu M2 Pudding;33;Silicon (TPU) - S);69866
S) Motorola G3;33;Silicon (TPU) - S);1628
S) Motorola Moto G;33;Silicon (TPU) - S);69582
S) Motorola Moto X;33;Silicon (TPU) - S);1571
S) MOTOROLA NEXUS 6P;33;Silicon (TPU) - S);399
S) NOKIA / Lumia 435;33;Silicon (TPU) - S);398
S) NOKIA / Lumia 520;33;Silicon (TPU) - S);397
S) NOKIA / Lumia 530;33;Silicon (TPU) - S);1646
S) NOKIA / Lumia 532;33;Silicon (TPU) - S);396
S) NOKIA / Lumia 535;33;Silicon (TPU) - S);400
S) NOKIA / Lumia 550;33;Silicon (TPU) - S);395
S) NOKIA / Lumia 625;33;Silicon (TPU) - S);393
S) NOKIA / Lumia 630 635;33;Silicon (TPU) - S);391
S) NOKIA / Lumia 640;33;Silicon (TPU) - S);392
S) NOKIA / Lumia 640 XL;33;Silicon (TPU) - S);1626
S) NOKIA / Lumia 650;33;Silicon (TPU) - S);390
S) NOKIA / Lumia 730  - 735;33;Silicon (TPU) - S);389
S) NOKIA / Lumia 820;33;Silicon (TPU) - S);388
S) NOKIA / Lumia 830;33;Silicon (TPU) - S);1572
S) NOKIA / Lumia 900;33;Silicon (TPU) - S);1573
S) NOKIA / Lumia 920;33;Silicon (TPU) - S);387
S) NOKIA / Lumia 930;33;Silicon (TPU) - S);1625
S) NOKIA / Lumia 950;33;Silicon (TPU) - S);69937
S) NOKIA 6;33;Silicon (TPU) - S);69867
S) NOKIA lumia 1020;33;Silicon (TPU) - S);69876
S) Nokia Lumia 230;33;Silicon (TPU) - S);69875
S) One Plus 3;33;Silicon (TPU) - S);1574
S) ORANGE REYO;33;Silicon (TPU) - S);1575
S) ORANGE RONO;33;Silicon (TPU) - S);449
S) SAMSUNG A3;33;Silicon (TPU) - S);477
S) SAMSUNG A3 2016;33;Silicon (TPU) - S);69874
S) Samsung A3 2017;33;Silicon (TPU) - S);448
S) SAMSUNG A5;33;Silicon (TPU) - S);478
S) SAMSUNG a5 2016;33;Silicon (TPU) - S);69873
S) Samsung A5 2017;33;Silicon (TPU) - S);447
S) SAMSUNG A7;33;Silicon (TPU) - S);1669
S) SAMSUNG A9;33;Silicon (TPU) - S);472
S) SAMSUNG ACE 4;33;Silicon (TPU) - S);446
S) SAMSUNG ALPHA;33;Silicon (TPU) - S);69758
S) Samsung C5;33;Silicon (TPU) - S);69872
S) SAMSUNG C7;33;Silicon (TPU) - S);460
S) SAMSUNG CORE;33;Silicon (TPU) - S);461
S) SAMSUNG CORE 2 ;33;Silicon (TPU) - S);69633
S) SAMSUNG CORE 4G LTE G386F;33;Silicon (TPU) - S);463
S) SAMSUNG CORE LTE 4G;33;Silicon (TPU) - S);462
S) SAMSUNG CORE PRIME;33;Silicon (TPU) - S);458
S) SAMSUNG GRAND / NEO;33;Silicon (TPU) - S);457
S) SAMSUNG GRAND 2;33;Silicon (TPU) - S);459
S) SAMSUNG GRAND PRIME;33;Silicon (TPU) - S);479
S) SAMSUNG j1 2016;33;Silicon (TPU) - S);480
S) SAMSUNG j1 ace;33;Silicon (TPU) - S);469
S) SAMSUNG J1 J100;33;Silicon (TPU) - S);473
S) SAMSUNG j2;33;Silicon (TPU) - S);474
S) SAMSUNG J3 2016;33;Silicon (TPU) - S);69552
S) SAMSUNG J3 2016;33;Silicon (TPU) - S);1671
S) SAMSUNG J5 2016;33;Silicon (TPU) - S);475
S) SAMSUNG J5 J500;33;Silicon (TPU) - S);476
S) SAMSUNG j7;33;Silicon (TPU) - S);69940
S) SAMSUNG j7 2016;33;Silicon (TPU) - S);1576
S) SAMSUNG NEXUS;33;Silicon (TPU) - S);454
S) SAMSUNG NOTE 1;33;Silicon (TPU) - S);453
S) SAMSUNG NOTE 2;33;Silicon (TPU) - S);452
S) SAMSUNG NOTE 3;33;Silicon (TPU) - S);1670
S) SAMSUNG NOTE 3 NEO;33;Silicon (TPU) - S);451
S) SAMSUNG NOTE 4;33;Silicon (TPU) - S);481
S) SAMSUNG NOTE 5;33;Silicon (TPU) - S);450
S) SAMSUNG NOTE EDGE;33;Silicon (TPU) - S);1577
S) SAMSUNG S ADVANCE;33;Silicon (TPU) - S);468
S) SAMSUNG S DUOS / TREND PLUS;33;Silicon (TPU) - S);1668
S) SAMSUNG S1;33;Silicon (TPU) - S);442
S) SAMSUNG S2;33;Silicon (TPU) - S);441
S) SAMSUNG S3;33;Silicon (TPU) - S);445
S) SAMSUNG S3 MINI;33;Silicon (TPU) - S);440
S) SAMSUNG S4;33;Silicon (TPU) - S);444
S) SAMSUNG S4 MINI;33;Silicon (TPU) - S);439
S) SAMSUNG S5;33;Silicon (TPU) - S);443
S) SAMSUNG S5 MINI;33;Silicon (TPU) - S);438
S) SAMSUNG S6 ;33;Silicon (TPU) - S);437
S) SAMSUNG S6 EDGE;33;Silicon (TPU) - S);69759
S) SAMSUNG S6 EDGE PLUS;33;Silicon (TPU) - S);436
S) SAMSUNG s7;33;Silicon (TPU) - S);435
S) SAMSUNG s7 edge;33;Silicon (TPU) - S);69871
S) SAMSUNG S8;33;Silicon (TPU) - S);69870
S) SAMSUNG S8 PLUS;33;Silicon (TPU) - S);464
S) SAMSUNG TREND LITE;33;Silicon (TPU) - S);465
S) SAMSUNG TREND LITE 2;33;Silicon (TPU) - S);466
S) SAMSUNG TREND LITE PLUS;33;Silicon (TPU) - S);1578
S) SAMSUNG X COVER 2;33;Silicon (TPU) - S);69788
S) SAMSUNG XCOVER 2;33;Silicon (TPU) - S);455
S) SAMSUNG XCOVER 3;33;Silicon (TPU) - S);470
S) SAMSUNG YOUNG;33;Silicon (TPU) - S);471
S) SAMSUNG YOUNG 2;33;Silicon (TPU) - S);69868
S) SONY EXPERIA XA ULTRA;33;Silicon (TPU) - S);69789
S) SONY XPERIA C4;33;Silicon (TPU) - S);413
S) SONY XPERIA E;33;Silicon (TPU) - S);414
S) SONY XPERIA E1;33;Silicon (TPU) - S);415
S) SONY XPERIA E3;33;Silicon (TPU) - S);416
S) SONY XPERIA E4;33;Silicon (TPU) - S);417
S) SONY XPERIA E4G;33;Silicon (TPU) - S);69869
S) Sony Xperia E5;33;Silicon (TPU) - S);1579
S) SONY XPERIA GO;33;Silicon (TPU) - S);1580
S) SONY XPERIA J;33;Silicon (TPU) - S);412
S) SONY XPERIA L;33;Silicon (TPU) - S);409
S) SONY XPERIA M;33;Silicon (TPU) - S);410
S) SONY XPERIA M2;33;Silicon (TPU) - S);411
S) SONY XPERIA M4;33;Silicon (TPU) - S);1581
S) SONY XPERIA MIRO;33;Silicon (TPU) - S);69554
S) SONY XPERIA T2 ULTRA;33;Silicon (TPU) - S);69634
S) SONY XPERIA T3;33;Silicon (TPU) - S);1582
S) SONY XPERIA U;33;Silicon (TPU) - S);69760
S) SONY XPERIA XA;33;Silicon (TPU) - S);406
S) SONY XPERIA Z;33;Silicon (TPU) - S);405
S) SONY XPERIA Z1;33;Silicon (TPU) - S);408
S) SONY XPERIA Z1 MINI / COMPACT;33;Silicon (TPU) - S);404
S) SONY XPERIA Z2;33;Silicon (TPU) - S);403
S) SONY XPERIA Z3;33;Silicon (TPU) - S);407
S) SONY XPERIA Z3 MINI / COMPACT;33;Silicon (TPU) - S);402
S) SONY XPERIA Z4;33;Silicon (TPU) - S);401
S) SONY XPERIA z5;33;Silicon (TPU) - S);69583
S) SONY Z5;33;Silicon (TPU) - S);1642
S) SONY Z5 MINI;33;Silicon (TPU) - S);1583
S) VODAFONE SMART 4 POWER;33;Silicon (TPU) - S);1584
S) VODAFONE SMART 6 PRIME;33;Silicon (TPU) - S);69761
S) XIAOMI MI 4C;33;Silicon (TPU) - S);69553
S) XIAOMI MI 5;33;Silicon (TPU) - S);69703
SAT) iPhone 5;40;Silicon Satenat;69704
SAT) iPhone 6;40;Silicon Satenat;69705
SAT) iPhone 6 PLUS;40;Silicon Satenat;69706
SAT) iPhone J5 J500;40;Silicon Satenat;69603
SBRAT) IPHONE 5;45;Accesorii / Diverse;69604
SBRAT) IPHONE 6;45;Accesorii / Diverse;69605
SBRAT) SAMSUNG S7;45;Accesorii / Diverse;69774
SCOL) iPhone 6;32;Silicon Slim Colorat - SCOL);69821
SCOL) iPhone 7;32;Silicon Slim Colorat - SCOL);69822
SCOL) iPhone 7 PLUS;32;Silicon Slim Colorat - SCOL);69505
SCUR) HUAWEI P8 LITE;45;Sclipici Curgatori - SCUR);69673
SCUR) HUAWEI P9 LITE;45;Sclipici Curgatori - SCUR);69643
SCUR) IPHONE 5;45;Sclipici Curgatori - SCUR);69506
SCUR) IPHONE 6;45;Sclipici Curgatori - SCUR);69670
SCUR) IPHONE 6 PLUS;45;Sclipici Curgatori - SCUR);69671
SCUR) IPHONE 7;45;Sclipici Curgatori - SCUR);69672
SCUR) IPHONE 7 PLUS;45;Sclipici Curgatori - SCUR);69857
SCUR) Samsung A3 2016;45;Sclipici Curgatori - SCUR);69790
SCUR) SAMSUNG A5 2016;45;Sclipici Curgatori - SCUR);69858
SCUR) Samsung Core Prime;45;Sclipici Curgatori - SCUR);69507
SCUR) SAMSUNG GRAND PRIME;45;Sclipici Curgatori - SCUR);69677
SCUR) SAMSUNG J3;45;Sclipici Curgatori - SCUR);69674
SCUR) SAMSUNG J3 2016;45;Sclipici Curgatori - SCUR);69676
SCUR) SAMSUNG J5 2016;45;Sclipici Curgatori - SCUR);69617
SCUR) SAMSUNG J5 J500;45;Sclipici Curgatori - SCUR);69859
SCUR) Samsung J7;45;Sclipici Curgatori - SCUR);69508
SCUR) SAMSUNG S4;45;Sclipici Curgatori - SCUR);69675
SCUR) SAMSUNG S5;45;Sclipici Curgatori - SCUR);69509
SCUR) SAMSUNG S6 EDGE;45;Sclipici Curgatori - SCUR);69510
SCUR) SAMSUNG S7 EDGE;45;Sclipici Curgatori - SCUR);1291
SF) ALLVIEW A4 YOU;45;Silicon Fashion  - SF) ;1277
SF) ALLVIEW A5 DUO;45;Silicon Fashion  - SF) ;1279
SF) ALLVIEW a5 easy;45;Silicon Fashion  - SF) ;1289
SF) ALLVIEW a5 lite;45;Silicon Fashion  - SF) ;1276
SF) ALLVIEW A5 QUAD;45;Silicon Fashion  - SF) ;1280
SF) ALLVIEW a5 quad plus;45;Silicon Fashion  - SF) ;1278
SF) ALLVIEW A5 SMILEY;45;Silicon Fashion  - SF) ;1288
SF) ALLVIEW A6 DUO C6 DUO;45;Silicon Fashion  - SF) ;1275
SF) ALLVIEW A6 QUAD;45;Silicon Fashion  - SF) ;1302
SF) ALLVIEW E2 LIVING;45;Silicon Fashion  - SF) ;1299
SF) ALLVIEW e3 living;45;Silicon Fashion  - SF) ;1300
SF) ALLVIEW E4 LITE;45;Silicon Fashion  - SF) ;1301
SF) ALLVIEW imperia m;45;Silicon Fashion  - SF) ;1298
SF) ALLVIEW IMPERIA S;45;Silicon Fashion  - SF) ;1274
SF) ALLVIEW P5 ALDRO;45;Silicon Fashion  - SF) ;1286
SF) ALLVIEW p5 emagic;45;Silicon Fashion  - SF) ;1282
SF) ALLVIEW p5 energy;45;Silicon Fashion  - SF) ;1273
SF) ALLVIEW P5 QUAD;45;Silicon Fashion  - SF) ;1271
SF) ALLVIEW P6 ENERGY;45;Silicon Fashion  - SF) ;1270
SF) ALLVIEW P6 LIFE;45;Silicon Fashion  - SF) ;1287
SF) ALLVIEW p6 pro;45;Silicon Fashion  - SF) ;1272
SF) ALLVIEW P6 QUAD ;45;Silicon Fashion  - SF) ;1263
SF) ALLVIEW P7 EXTREME;45;Silicon Fashion  - SF) ;1281
SF) ALLVIEW p8 energy;45;Silicon Fashion  - SF) ;1292
SF) ALLVIEW V1 VIPER;45;Silicon Fashion  - SF) ;1293
SF) ALLVIEW V1 VIPER I;45;Silicon Fashion  - SF) ;1294
SF) ALLVIEW V1 VIPER I 4G;45;Silicon Fashion  - SF) ;1295
SF) ALLVIEW V1 VIPER L;45;Silicon Fashion  - SF) ;1297
SF) ALLVIEW V1 VIPER S 4G;45;Silicon Fashion  - SF) ;1285
SF) ALLVIEW v2 viper x;45;Silicon Fashion  - SF) ;1296
SF) ALLVIEW VI VIPER S;45;Silicon Fashion  - SF) ;1262
SF) ALLVIEW X1 EXTREME;45;Silicon Fashion  - SF) ;1264
SF) ALLVIEW X1 SOUL ;45;Silicon Fashion  - SF) ;1266
SF) ALLVIEW X1 SOUL MINI;45;Silicon Fashion  - SF) ;1265
SF) ALLVIEW X2 SOUL;45;Silicon Fashion  - SF) ;1267
SF) ALLVIEW X2 SOUL MINI;45;Silicon Fashion  - SF) ;1268
SF) ALLVIEW X2 SOUL PRO;45;Silicon Fashion  - SF) ;1284
SF) ALLVIEW x2 soul style;45;Silicon Fashion  - SF) ;1269
SF) ALLVIEW X2 TWIN;45;Silicon Fashion  - SF) ;1283
SF) ALLVIEW x3 soul;45;Silicon Fashion  - SF) ;1290
SF) ALLVIEW x3 soul mini;45;Silicon Fashion  - SF) ;69584
SF) ASUS ZENFONE 2 LASER ;45;Silicon Fashion  - SF) ;1247
SF) HTC 300;45;Silicon Fashion  - SF) ;1246
SF) HTC 310;45;Silicon Fashion  - SF) ;1245
SF) HTC 320;45;Silicon Fashion  - SF) ;1244
SF) HTC 500;45;Silicon Fashion  - SF) ;1242
SF) HTC 510;45;Silicon Fashion  - SF) ;1243
SF) HTC 516;45;Silicon Fashion  - SF) ;1249
SF) HTC 526;45;Silicon Fashion  - SF) ;1241
SF) HTC 600;45;Silicon Fashion  - SF) ;1240
SF) HTC 610;45;Silicon Fashion  - SF) ;1239
SF) HTC 620;45;Silicon Fashion  - SF) ;1248
SF) HTC 626;45;Silicon Fashion  - SF) ;1238
SF) HTC 700;45;Silicon Fashion  - SF) ;1237
SF) HTC 816;45;Silicon Fashion  - SF) ;1236
SF) HTC 820;45;Silicon Fashion  - SF) ;1231
SF) HTC a9;45;Silicon Fashion  - SF) ;1233
SF) HTC M7;45;Silicon Fashion  - SF) ;1232
SF) HTC M8;45;Silicon Fashion  - SF) ;1230
SF) HTC M9;45;Silicon Fashion  - SF) ;1234
SF) HTC ONE MINI;45;Silicon Fashion  - SF) ;1235
SF) HTC ONE MINI 2;45;Silicon Fashion  - SF) ;1255
SF) HUAWEI G6;45;Silicon Fashion  - SF) ;1254
SF) HUAWEI G630;45;Silicon Fashion  - SF) ;1253
SF) HUAWEI P6;45;Silicon Fashion  - SF) ;1252
SF) HUAWEI P7;45;Silicon Fashion  - SF) ;1251
SF) HUAWEI P8 ;45;Silicon Fashion  - SF) ;1250
SF) HUAWEI P8 LITE;45;Silicon Fashion  - SF) ;69518
SF) HUAWEI P9 LITE;45;Silicon Fashion  - SF) ;69880
SF) HUAWEI P9 LITE 2017;45;Silicon Fashion  - SF) ;1258
SF) HUAWEI Y330;45;Silicon Fashion  - SF) ;1259
SF) HUAWEI y5;45;Silicon Fashion  - SF) ;1257
SF) HUAWEI Y511;45;Silicon Fashion  - SF) ;1256
SF) HUAWEI Y530;45;Silicon Fashion  - SF) ;1261
SF) HUAWEI Y540/520;45;Silicon Fashion  - SF) ;1260
SF) HUAWEI y6;45;Silicon Fashion  - SF) ;1226
SF) iPhone 4;45;Silicon Fashion  - SF) ;1227
SF) iPhone 5;45;Silicon Fashion  - SF) ;1631
SF) Iphone 5C;45;Silicon Fashion  - SF) ;1228
SF) iPhone 6;45;Silicon Fashion  - SF) ;1229
SF) iPhone 6 plus;45;Silicon Fashion  - SF) ;69762
SF) iPhone 7;45;Silicon Fashion  - SF) ;69763
SF) iPhone 7 PLUS;45;Silicon Fashion  - SF) ;1177
SF) LENOVO a1000;45;Silicon Fashion  - SF) ;1178
SF) LENOVO a2010;45;Silicon Fashion  - SF) ;1165
SF) LENOVO A328;45;Silicon Fashion  - SF) ;1164
SF) LENOVO A369;45;Silicon Fashion  - SF) ;1173
SF) LENOVO a5000;45;Silicon Fashion  - SF) ;1163
SF) LENOVO A536;45;Silicon Fashion  - SF) ;1174
SF) LENOVO a6000/6010;45;Silicon Fashion  - SF) ;1175
SF) LENOVO a7000;45;Silicon Fashion  - SF) ;1176
SF) LENOVO a7010;45;Silicon Fashion  - SF) ;1162
SF) LENOVO A859;45;Silicon Fashion  - SF) ;1171
SF) LENOVO P70;45;Silicon Fashion  - SF) ;1169
SF) LENOVO S580;45;Silicon Fashion  - SF) ;1170
SF) LENOVO S60;45;Silicon Fashion  - SF) ;1168
SF) LENOVO S850;45;Silicon Fashion  - SF) ;1167
SF) LENOVO S860;45;Silicon Fashion  - SF) ;1172
SF) LENOVO VIBE X2;45;Silicon Fashion  - SF) ;1166
SF) LENOVOA 319;45;Silicon Fashion  - SF) ;1124
SF) LG BELLO;45;Silicon Fashion  - SF) ;1123
SF) LG F60;45;Silicon Fashion  - SF) ;1119
SF) LG G2;45;Silicon Fashion  - SF) ;1121
SF) LG G2 MINI;45;Silicon Fashion  - SF) ;1118
SF) LG G3;45;Silicon Fashion  - SF) ;1120
SF) LG G3 MINI;45;Silicon Fashion  - SF) ;1117
SF) LG G4;45;Silicon Fashion  - SF) ;69519
SF) LG G4 C;45;Silicon Fashion  - SF) ;1495
SF) LG G5;45;Silicon Fashion  - SF) ;1130
SF) LG k10;45;Silicon Fashion  - SF) ;1128
SF) LG k4;45;Silicon Fashion  - SF) ;1129
SF) LG k8;45;Silicon Fashion  - SF) ;1125
SF) LG L70;45;Silicon Fashion  - SF) ;1126
SF) LG L80;45;Silicon Fashion  - SF) ;1127
SF) LG L90;45;Silicon Fashion  - SF) ;1122
SF) LG LEON;45;Silicon Fashion  - SF) ;1143
SF) Microsoft Lumia 435;45;Silicon Fashion  - SF) ;1140
SF) Microsoft Lumia 535;45;Silicon Fashion  - SF) ;1144
SF) Microsoft Lumia 550;45;Silicon Fashion  - SF) ;1137
SF) Microsoft Lumia 630 635;45;Silicon Fashion  - SF) ;1136
SF) Microsoft Lumia 640 XL;45;Silicon Fashion  - SF) ;1142
SF) NOKIA / Lumia 520;45;Silicon Fashion  - SF) ;1141
SF) NOKIA / Lumia 530;45;Silicon Fashion  - SF) ;1139
SF) NOKIA / Lumia 625;45;Silicon Fashion  - SF) ;1135
SF) NOKIA / Lumia 640;45;Silicon Fashion  - SF) ;1134
SF) NOKIA / Lumia 730 - 735;45;Silicon Fashion  - SF) ;1133
SF) NOKIA / Lumia 820;45;Silicon Fashion  - SF) ;1132
SF) NOKIA / Lumia 830;45;Silicon Fashion  - SF) ;1131
SF) NOKIA / Lumia 930;45;Silicon Fashion  - SF) ;1193
SF) SAMSUNG A3;45;Silicon Fashion  - SF) ;1221
SF) SAMSUNG a3 2016;45;Silicon Fashion  - SF) ;1192
SF) SAMSUNG A5;45;Silicon Fashion  - SF) ;1222
SF) SAMSUNG a5 2016;45;Silicon Fashion  - SF) ;1191
SF) SAMSUNG A7;45;Silicon Fashion  - SF) ;69586
SF) SAMSUNG A9;45;Silicon Fashion  - SF) ;1216
SF) SAMSUNG ACE 4;45;Silicon Fashion  - SF) ;1190
SF) SAMSUNG ALPHA;45;Silicon Fashion  - SF) ;1204
SF) SAMSUNG CORE;45;Silicon Fashion  - SF) ;1205
SF) SAMSUNG CORE 2 ;45;Silicon Fashion  - SF) ;1207
SF) SAMSUNG CORE LTE 4G;45;Silicon Fashion  - SF) ;1206
SF) SAMSUNG CORE PRIME;45;Silicon Fashion  - SF) ;1202
SF) SAMSUNG GRAND / NEO;45;Silicon Fashion  - SF) ;1201
SF) SAMSUNG GRAND 2;45;Silicon Fashion  - SF) ;1203
SF) SAMSUNG GRAND PRIME;45;Silicon Fashion  - SF) ;1223
SF) SAMSUNG j1 2016;45;Silicon Fashion  - SF) ;1224
SF) SAMSUNG j1 ace;45;Silicon Fashion  - SF) ;1213
SF) SAMSUNG J1 J100;45;Silicon Fashion  - SF) ;1217
SF) SAMSUNG j2;45;Silicon Fashion  - SF) ;1218
SF) SAMSUNG J3 2016;45;Silicon Fashion  - SF) ;69520
SF) SAMSUNG J5 2016;45;Silicon Fashion  - SF) ;69942
SF) SAMSUNG J5 2017;45;Silicon Fashion  - SF) ;1219
SF) SAMSUNG J5 J500;45;Silicon Fashion  - SF) ;1220
SF) SAMSUNG j7;45;Silicon Fashion  - SF) ;69635
SF) SAMSUNG J7 2016;45;Silicon Fashion  - SF) ;69941
SF) SAMSUNG J7 2017;45;Silicon Fashion  - SF) ;1198
SF) SAMSUNG NOTE 1;45;Silicon Fashion  - SF) ;1197
SF) SAMSUNG NOTE 2;45;Silicon Fashion  - SF) ;1196
SF) SAMSUNG NOTE 3;45;Silicon Fashion  - SF) ;1195
SF) SAMSUNG NOTE 4;45;Silicon Fashion  - SF) ;1225
SF) SAMSUNG NOTE 5;45;Silicon Fashion  - SF) ;1194
SF) SAMSUNG NOTE EDGE;45;Silicon Fashion  - SF) ;1212
SF) SAMSUNG S DUOS / TREND PLUS;45;Silicon Fashion  - SF) ;1186
SF) SAMSUNG S2;45;Silicon Fashion  - SF) ;1185
SF) SAMSUNG S3;45;Silicon Fashion  - SF) ;1189
SF) SAMSUNG S3 MINI;45;Silicon Fashion  - SF) ;1184
SF) SAMSUNG S4;45;Silicon Fashion  - SF) ;1188
SF) SAMSUNG S4 MINI;45;Silicon Fashion  - SF) ;1183
SF) SAMSUNG S5;45;Silicon Fashion  - SF) ;1187
SF) SAMSUNG S5 MINI;45;Silicon Fashion  - SF) ;1182
SF) SAMSUNG S6 ;45;Silicon Fashion  - SF) ;1181
SF) SAMSUNG S6 EDGE;45;Silicon Fashion  - SF) ;69585
SF) SAMSUNG S6 EDGE PLUS;45;Silicon Fashion  - SF) ;1180
SF) SAMSUNG s7;45;Silicon Fashion  - SF) ;1179
SF) SAMSUNG s7 edge;45;Silicon Fashion  - SF) ;69943
SF) SAMSUNG S8;45;Silicon Fashion  - SF) ;69944
SF) SAMSUNG S8 PLUS;45;Silicon Fashion  - SF) ;1208
SF) SAMSUNG TREND LITE;45;Silicon Fashion  - SF) ;1209
SF) SAMSUNG TREND LITE 2;45;Silicon Fashion  - SF) ;1210
SF) SAMSUNG TREND LITE PLUS;45;Silicon Fashion  - SF) ;1199
SF) SAMSUNG XCOVER 3;45;Silicon Fashion  - SF) ;1214
SF) SAMSUNG YOUNG;45;Silicon Fashion  - SF) ;1215
SF) SAMSUNG YOUNG 2;45;Silicon Fashion  - SF) ;1157
SF) SONY XPERIA E;45;Silicon Fashion  - SF) ;1158
SF) SONY XPERIA E1;45;Silicon Fashion  - SF) ;1159
SF) SONY XPERIA E3;45;Silicon Fashion  - SF) ;1160
SF) SONY XPERIA E4;45;Silicon Fashion  - SF) ;1161
SF) SONY XPERIA E4G;45;Silicon Fashion  - SF) ;1156
SF) SONY XPERIA L;45;Silicon Fashion  - SF) ;1153
SF) SONY XPERIA M;45;Silicon Fashion  - SF) ;1154
SF) SONY XPERIA M2;45;Silicon Fashion  - SF) ;1155
SF) SONY XPERIA M4;45;Silicon Fashion  - SF) ;1150
SF) SONY XPERIA Z;45;Silicon Fashion  - SF) ;1149
SF) SONY XPERIA Z1;45;Silicon Fashion  - SF) ;1152
SF) SONY XPERIA Z1 MINI / COMPACT;45;Silicon Fashion  - SF) ;1148
SF) SONY XPERIA Z2;45;Silicon Fashion  - SF) ;1147
SF) SONY XPERIA Z3;45;Silicon Fashion  - SF) ;1151
SF) SONY XPERIA Z3 MINI / COMPACT;45;Silicon Fashion  - SF) ;1146
SF) SONY XPERIA Z4;45;Silicon Fashion  - SF) ;1145
SF) SONY XPERIA z5;45;Silicon Fashion  - SF) ;69881
SF) SONY Z1 MINI;45;Silicon Fashion  - SF) ;69696
SGR) iPhone 5;40;Silicon Gradient;69697
SGR) iPhone 6;40;Silicon Gradient;69698
SGR) iPhone 6 PLUS;40;Silicon Gradient;733
SL) ALLVIEW A4 YOU;32;Silicon Slim (TPU) - SL) ;719
SL) ALLVIEW A5 DUO;32;Silicon Slim (TPU) - SL) ;721
SL) ALLVIEW a5 easy;32;Silicon Slim (TPU) - SL) ;731
SL) ALLVIEW a5 lite;32;Silicon Slim (TPU) - SL) ;718
SL) ALLVIEW A5 QUAD;32;Silicon Slim (TPU) - SL) ;722
SL) ALLVIEW a5 quad plus;32;Silicon Slim (TPU) - SL) ;720
SL) ALLVIEW A5 SMILEY;32;Silicon Slim (TPU) - SL) ;730
SL) ALLVIEW A6 DUO C6 DUO;32;Silicon Slim (TPU) - SL) ;717
SL) ALLVIEW A6 QUAD;32;Silicon Slim (TPU) - SL) ;744
SL) ALLVIEW E2 LIVING;32;Silicon Slim (TPU) - SL) ;741
SL) ALLVIEW e3 living;32;Silicon Slim (TPU) - SL) ;742
SL) ALLVIEW E4 LITE;32;Silicon Slim (TPU) - SL) ;743
SL) ALLVIEW imperia m;32;Silicon Slim (TPU) - SL) ;740
SL) ALLVIEW IMPERIA S;32;Silicon Slim (TPU) - SL) ;716
SL) ALLVIEW P5 ALDRO;32;Silicon Slim (TPU) - SL) ;728
SL) ALLVIEW p5 emagic;32;Silicon Slim (TPU) - SL) ;724
SL) ALLVIEW p5 energy;32;Silicon Slim (TPU) - SL) ;715
SL) ALLVIEW P5 QUAD;32;Silicon Slim (TPU) - SL) ;713
SL) ALLVIEW P6 ENERGY;32;Silicon Slim (TPU) - SL) ;712
SL) ALLVIEW P6 LIFE;32;Silicon Slim (TPU) - SL) ;729
SL) ALLVIEW p6 pro;32;Silicon Slim (TPU) - SL) ;714
SL) ALLVIEW P6 QUAD ;32;Silicon Slim (TPU) - SL) ;705
SL) ALLVIEW P7 EXTREME;32;Silicon Slim (TPU) - SL) ;723
SL) ALLVIEW p8 energy;32;Silicon Slim (TPU) - SL) ;734
SL) ALLVIEW V1 VIPER;32;Silicon Slim (TPU) - SL) ;735
SL) ALLVIEW V1 VIPER I;32;Silicon Slim (TPU) - SL) ;736
SL) ALLVIEW V1 VIPER I 4G;32;Silicon Slim (TPU) - SL) ;737
SL) ALLVIEW V1 VIPER L;32;Silicon Slim (TPU) - SL) ;739
SL) ALLVIEW V1 VIPER S 4G;32;Silicon Slim (TPU) - SL) ;727
SL) ALLVIEW v2 viper x;32;Silicon Slim (TPU) - SL) ;738
SL) ALLVIEW VI VIPER S;32;Silicon Slim (TPU) - SL) ;704
SL) ALLVIEW X1 EXTREME;32;Silicon Slim (TPU) - SL) ;706
SL) ALLVIEW X1 SOUL ;32;Silicon Slim (TPU) - SL) ;708
SL) ALLVIEW X1 SOUL MINI;32;Silicon Slim (TPU) - SL) ;707
SL) ALLVIEW X2 SOUL;32;Silicon Slim (TPU) - SL) ;709
SL) ALLVIEW X2 SOUL MINI;32;Silicon Slim (TPU) - SL) ;710
SL) ALLVIEW X2 SOUL PRO;32;Silicon Slim (TPU) - SL) ;726
SL) ALLVIEW x2 soul style;32;Silicon Slim (TPU) - SL) ;711
SL) ALLVIEW X2 TWIN;32;Silicon Slim (TPU) - SL) ;725
SL) ALLVIEW x3 soul;32;Silicon Slim (TPU) - SL) ;732
SL) ALLVIEW x3 soul mini;32;Silicon Slim (TPU) - SL) ;1672
SL) Asus Zenfone 2 (ZE500CL);32;Silicon Slim (TPU) - SL) ;1620
SL) Asus Zenfone 2 Laser ;32;Silicon Slim (TPU) - SL) ;69616
SL) Asus Zenfone 2 Laser (Z00ED);32;Silicon Slim (TPU) - SL) ;1619
SL) Asus Zenfone 2 Laser (ZE550KL);32;Silicon Slim (TPU) - SL) ;69540
SL) Asus Zenfone 3;32;Silicon Slim (TPU) - SL) ;69791
SL) Asus Zenfone 3 Max;32;Silicon Slim (TPU) - SL) ;1621
SL) Asus Zenfone GO;32;Silicon Slim (TPU) - SL) ;69792
SL) Asus Zenfone GO (ZB452KG);32;Silicon Slim (TPU) - SL) ;69613
SL) Asus Zenfone Go ZC500TG;32;Silicon Slim (TPU) - SL) ;69541
SL) Asus Zenfone MAX;32;Silicon Slim (TPU) - SL) ;1592
SL) ASUS ZENFONE SELFIE;32;Silicon Slim (TPU) - SL) ;689
SL) HTC 300;32;Silicon Slim (TPU) - SL) ;688
SL) HTC 310;32;Silicon Slim (TPU) - SL) ;687
SL) HTC 320;32;Silicon Slim (TPU) - SL) ;686
SL) HTC 500;32;Silicon Slim (TPU) - SL) ;684
SL) HTC 510;32;Silicon Slim (TPU) - SL) ;685
SL) HTC 516;32;Silicon Slim (TPU) - SL) ;691
SL) HTC 526;32;Silicon Slim (TPU) - SL) ;683
SL) HTC 600;32;Silicon Slim (TPU) - SL) ;682
SL) HTC 610;32;Silicon Slim (TPU) - SL) ;681
SL) HTC 620;32;Silicon Slim (TPU) - SL) ;690
SL) HTC 626;32;Silicon Slim (TPU) - SL) ;680
SL) HTC 700;32;Silicon Slim (TPU) - SL) ;679
SL) HTC 816;32;Silicon Slim (TPU) - SL) ;678
SL) HTC 820;32;Silicon Slim (TPU) - SL) ;69793
SL) HTC 825;32;Silicon Slim (TPU) - SL) ;673
SL) HTC a9;32;Silicon Slim (TPU) - SL) ;69542
SL) HTC E9 PLUS;32;Silicon Slim (TPU) - SL) ;69723
SL) HTC M10;32;Silicon Slim (TPU) - SL) ;675
SL) HTC M7;32;Silicon Slim (TPU) - SL) ;674
SL) HTC M8;32;Silicon Slim (TPU) - SL) ;1638
SL) HTC M8 MINI;32;Silicon Slim (TPU) - SL) ;672
SL) HTC M9;32;Silicon Slim (TPU) - SL) ;676
SL) HTC ONE MINI;32;Silicon Slim (TPU) - SL) ;677
SL) HTC ONE MINI 2;32;Silicon Slim (TPU) - SL) ;697
SL) HUAWEI G6;32;Silicon Slim (TPU) - SL) ;696
SL) HUAWEI G630;32;Silicon Slim (TPU) - SL) ;1622
SL) Huawei G8;32;Silicon Slim (TPU) - SL) ;69882
SL) Huawei Honor 5C;32;Silicon Slim (TPU) - SL) ;69883
SL) HUAWEI HONOR 8;32;Silicon Slim (TPU) - SL) ;1640
SL) HUAWEI NEXUS 6P;32;Silicon Slim (TPU) - SL) ;69794
SL) HUAWEI NOVA;32;Silicon Slim (TPU) - SL) ;69795
SL) HUAWEI NOVA PLUS;32;Silicon Slim (TPU) - SL) ;69884
SL) HUAWEI P10;32;Silicon Slim (TPU) - SL) ;695
SL) HUAWEI P6;32;Silicon Slim (TPU) - SL) ;694
SL) HUAWEI P7;32;Silicon Slim (TPU) - SL) ;693
SL) HUAWEI P8 ;32;Silicon Slim (TPU) - SL) ;692
SL) HUAWEI P8 LITE;32;Silicon Slim (TPU) - SL) ;69931
SL) HUAWEI P8 LITE 2017;32;Silicon Slim (TPU) - SL) ;1639
SL) HUAWEI P9;32;Silicon Slim (TPU) - SL) ;69885
SL) HUAWEI P9 2017;32;Silicon Slim (TPU) - SL) ;69544
SL) HUAWEI P9 LITE;32;Silicon Slim (TPU) - SL) ;69543
SL) HUAWEI Y3 II;32;Silicon Slim (TPU) - SL) ;700
SL) HUAWEI Y330;32;Silicon Slim (TPU) - SL) ;701
SL) HUAWEI y5;32;Silicon Slim (TPU) - SL) ;69724
SL) HUAWEI Y5 II;32;Silicon Slim (TPU) - SL) ;699
SL) HUAWEI Y511;32;Silicon Slim (TPU) - SL) ;698
SL) HUAWEI Y530;32;Silicon Slim (TPU) - SL) ;703
SL) HUAWEI Y540/520;32;Silicon Slim (TPU) - SL) ;702
SL) HUAWEI y6;32;Silicon Slim (TPU) - SL) ;69725
SL) HUAWEI y6 II;32;Silicon Slim (TPU) - SL) ;668
SL) iPhone 4;32;Silicon Slim (TPU) - SL) ;669
SL) iPhone 5;32;Silicon Slim (TPU) - SL) ;1623
SL) Iphone 5C;32;Silicon Slim (TPU) - SL) ;670
SL) iPhone 6;32;Silicon Slim (TPU) - SL) ;671
SL) iPhone 6 plus;32;Silicon Slim (TPU) - SL) ;1691
SL) iPhone 7;32;Silicon Slim (TPU) - SL) ;69721
SL) iPhone 7;32;Silicon Slim (TPU) - SL) ;69722
SL) iPhone 7 PLUS;32;Silicon Slim (TPU) - SL) ;619
SL) LENOVO a1000;32;Silicon Slim (TPU) - SL) ;620
SL) LENOVO a2010;32;Silicon Slim (TPU) - SL) ;607
SL) LENOVO A328;32;Silicon Slim (TPU) - SL) ;606
SL) LENOVO A369;32;Silicon Slim (TPU) - SL) ;615
SL) LENOVO a5000;32;Silicon Slim (TPU) - SL) ;605
SL) LENOVO A536;32;Silicon Slim (TPU) - SL) ;616
SL) LENOVO a6000/6010;32;Silicon Slim (TPU) - SL) ;617
SL) LENOVO a7000;32;Silicon Slim (TPU) - SL) ;618
SL) LENOVO a7010;32;Silicon Slim (TPU) - SL) ;604
SL) LENOVO A859;32;Silicon Slim (TPU) - SL) ;69796
SL) LENOVO K5;32;Silicon Slim (TPU) - SL) ;613
SL) LENOVO P70;32;Silicon Slim (TPU) - SL) ;611
SL) LENOVO S580;32;Silicon Slim (TPU) - SL) ;612
SL) LENOVO S60;32;Silicon Slim (TPU) - SL) ;610
SL) LENOVO S850;32;Silicon Slim (TPU) - SL) ;609
SL) LENOVO S860;32;Silicon Slim (TPU) - SL) ;614
SL) LENOVO VIBE X2;32;Silicon Slim (TPU) - SL) ;608
SL) LENOVOA 319;32;Silicon Slim (TPU) - SL) ;566
SL) LG BELLO;32;Silicon Slim (TPU) - SL) ;565
SL) LG F60;32;Silicon Slim (TPU) - SL) ;561
SL) LG G2;32;Silicon Slim (TPU) - SL) ;563
SL) LG G2 MINI;32;Silicon Slim (TPU) - SL) ;560
SL) LG G3;32;Silicon Slim (TPU) - SL) ;562
SL) LG G3 MINI;32;Silicon Slim (TPU) - SL) ;559
SL) LG G4;32;Silicon Slim (TPU) - SL) ;1496
SL) LG G5;32;Silicon Slim (TPU) - SL) ;69886
SL) LG G6;32;Silicon Slim (TPU) - SL) ;572
SL) LG k10;32;Silicon Slim (TPU) - SL) ;570
SL) LG k4;32;Silicon Slim (TPU) - SL) ;571
SL) LG k8;32;Silicon Slim (TPU) - SL) ;1690
SL) LG L60;32;Silicon Slim (TPU) - SL) ;567
SL) LG L70;32;Silicon Slim (TPU) - SL) ;568
SL) LG L80;32;Silicon Slim (TPU) - SL) ;569
SL) LG L90;32;Silicon Slim (TPU) - SL) ;564
SL) LG LEON;32;Silicon Slim (TPU) - SL) ;1644
SL) LG MAGNA;32;Silicon Slim (TPU) - SL) ;1588
SL) LG NEXUS 5;32;Silicon Slim (TPU) - SL) ;1589
SL) LG NEXUS 5X;32;Silicon Slim (TPU) - SL) ;585
SL) NOKIA / Lumia 435;32;Silicon Slim (TPU) - SL) ;584
SL) NOKIA / Lumia 520;32;Silicon Slim (TPU) - SL) ;583
SL) NOKIA / Lumia 530;32;Silicon Slim (TPU) - SL) ;582
SL) NOKIA / Lumia 535;32;Silicon Slim (TPU) - SL) ;586
SL) NOKIA / Lumia 550;32;Silicon Slim (TPU) - SL) ;581
SL) NOKIA / Lumia 625;32;Silicon Slim (TPU) - SL) ;579
SL) NOKIA / Lumia 630 635;32;Silicon Slim (TPU) - SL) ;577
SL) NOKIA / Lumia 640;32;Silicon Slim (TPU) - SL) ;578
SL) NOKIA / Lumia 640 XL;32;Silicon Slim (TPU) - SL) ;69614
SL) NOKIA / Lumia 650;32;Silicon Slim (TPU) - SL) ;576
SL) NOKIA / Lumia 730 - 735;32;Silicon Slim (TPU) - SL) ;575
SL) NOKIA / Lumia 820;32;Silicon Slim (TPU) - SL) ;574
SL) NOKIA / Lumia 830;32;Silicon Slim (TPU) - SL) ;573
SL) NOKIA / Lumia 930;32;Silicon Slim (TPU) - SL) ;69945
SL) NOKIA 3;32;Silicon Slim (TPU) - SL) ;1624
SL) One Plus 3;32;Silicon Slim (TPU) - SL) ;635
SL) SAMSUNG A3;32;Silicon Slim (TPU) - SL) ;663
SL) SAMSUNG a3 2016;32;Silicon Slim (TPU) - SL) ;69887
SL) Samsung A3 2017;32;Silicon Slim (TPU) - SL) ;634
SL) SAMSUNG A5;32;Silicon Slim (TPU) - SL) ;664
SL) SAMSUNG a5 2016;32;Silicon Slim (TPU) - SL) ;69888
SL) Samsung A5 2017;32;Silicon Slim (TPU) - SL) ;633
SL) SAMSUNG A7;32;Silicon Slim (TPU) - SL) ;658
SL) SAMSUNG ACE 4;32;Silicon Slim (TPU) - SL) ;632
SL) SAMSUNG ALPHA;32;Silicon Slim (TPU) - SL) ;69726
SL) SAMSUNG C5;32;Silicon Slim (TPU) - SL) ;69889
SL) SAMSUNG C7;32;Silicon Slim (TPU) - SL) ;646
SL) SAMSUNG CORE;32;Silicon Slim (TPU) - SL) ;647
SL) SAMSUNG CORE 2 ;32;Silicon Slim (TPU) - SL) ;69636
SL) SAMSUNG CORE 4G LTE G386F;32;Silicon Slim (TPU) - SL) ;649
SL) SAMSUNG CORE LTE 4G;32;Silicon Slim (TPU) - SL) ;648
SL) SAMSUNG CORE PRIME;32;Silicon Slim (TPU) - SL) ;644
SL) SAMSUNG GRAND / NEO;32;Silicon Slim (TPU) - SL) ;643
SL) SAMSUNG GRAND 2;32;Silicon Slim (TPU) - SL) ;645
SL) SAMSUNG GRAND PRIME;32;Silicon Slim (TPU) - SL) ;665
SL) SAMSUNG j1 2016;32;Silicon Slim (TPU) - SL) ;666
SL) SAMSUNG j1 ace;32;Silicon Slim (TPU) - SL) ;655
SL) SAMSUNG J1 J100;32;Silicon Slim (TPU) - SL) ;659
SL) SAMSUNG j2;32;Silicon Slim (TPU) - SL) ;660
SL) SAMSUNG J3 2016;32;Silicon Slim (TPU) - SL) ;69727
SL) SAMSUNG j3 2016;32;Silicon Slim (TPU) - SL) ;69946
SL) SAMSUNG J3 2017;32;Silicon Slim (TPU) - SL) ;69539
SL) SAMSUNG J5 2016;32;Silicon Slim (TPU) - SL) ;69947
SL) SAMSUNG J5 2017;32;Silicon Slim (TPU) - SL) ;661
SL) SAMSUNG J5 J500;32;Silicon Slim (TPU) - SL) ;662
SL) SAMSUNG j7;32;Silicon Slim (TPU) - SL) ;69545
SL) SAMSUNG J7 2016;32;Silicon Slim (TPU) - SL) ;69948
SL) SAMSUNG J7 2017;32;Silicon Slim (TPU) - SL) ;640
SL) SAMSUNG NOTE 1;32;Silicon Slim (TPU) - SL) ;639
SL) SAMSUNG NOTE 2;32;Silicon Slim (TPU) - SL) ;638
SL) SAMSUNG NOTE 3;32;Silicon Slim (TPU) - SL) ;637
SL) SAMSUNG NOTE 4;32;Silicon Slim (TPU) - SL) ;667
SL) SAMSUNG NOTE 5;32;Silicon Slim (TPU) - SL) ;636
SL) SAMSUNG NOTE EDGE;32;Silicon Slim (TPU) - SL) ;654
SL) SAMSUNG S DUOS / TREND PLUS;32;Silicon Slim (TPU) - SL) ;628
SL) SAMSUNG S2;32;Silicon Slim (TPU) - SL) ;627
SL) SAMSUNG S3;32;Silicon Slim (TPU) - SL) ;631
SL) SAMSUNG S3 MINI;32;Silicon Slim (TPU) - SL) ;626
SL) SAMSUNG S4;32;Silicon Slim (TPU) - SL) ;630
SL) SAMSUNG S4 MINI;32;Silicon Slim (TPU) - SL) ;625
SL) SAMSUNG S5;32;Silicon Slim (TPU) - SL) ;629
SL) SAMSUNG S5 MINI;32;Silicon Slim (TPU) - SL) ;624
SL) SAMSUNG S6 ;32;Silicon Slim (TPU) - SL) ;623
SL) SAMSUNG S6 EDGE;32;Silicon Slim (TPU) - SL) ;69728
SL) SAMSUNG S6 EDGE PLUS;32;Silicon Slim (TPU) - SL) ;622
SL) SAMSUNG s7;32;Silicon Slim (TPU) - SL) ;621
SL) SAMSUNG s7 edge;32;Silicon Slim (TPU) - SL) ;69891
SL) SAMSUNG S8;32;Silicon Slim (TPU) - SL) ;69892
SL) SAMSUNG S8 PLUS;32;Silicon Slim (TPU) - SL) ;650
SL) SAMSUNG TREND LITE;32;Silicon Slim (TPU) - SL) ;651
SL) SAMSUNG TREND LITE 2;32;Silicon Slim (TPU) - SL) ;652
SL) SAMSUNG TREND LITE PLUS;32;Silicon Slim (TPU) - SL) ;641
SL) SAMSUNG XCOVER 3;32;Silicon Slim (TPU) - SL) ;656
SL) SAMSUNG YOUNG;32;Silicon Slim (TPU) - SL) ;657
SL) SAMSUNG YOUNG 2;32;Silicon Slim (TPU) - SL) ;599
SL) SONY XPERIA E;32;Silicon Slim (TPU) - SL) ;600
SL) SONY XPERIA E1;32;Silicon Slim (TPU) - SL) ;601
SL) SONY XPERIA E3;32;Silicon Slim (TPU) - SL) ;602
SL) SONY XPERIA E4;32;Silicon Slim (TPU) - SL) ;603
SL) SONY XPERIA E4G;32;Silicon Slim (TPU) - SL) ;598
SL) SONY XPERIA L;32;Silicon Slim (TPU) - SL) ;595
SL) SONY XPERIA M;32;Silicon Slim (TPU) - SL) ;596
SL) SONY XPERIA M2;32;Silicon Slim (TPU) - SL) ;597
SL) SONY XPERIA M4;32;Silicon Slim (TPU) - SL) ;69893
SL) SONY XPERIA XZ;32;Silicon Slim (TPU) - SL) ;592
SL) SONY XPERIA Z;32;Silicon Slim (TPU) - SL) ;591
SL) SONY XPERIA Z1;32;Silicon Slim (TPU) - SL) ;594
SL) SONY XPERIA Z1 MINI / COMPACT;32;Silicon Slim (TPU) - SL) ;590
SL) SONY XPERIA Z2;32;Silicon Slim (TPU) - SL) ;589
SL) SONY XPERIA Z3;32;Silicon Slim (TPU) - SL) ;593
SL) SONY XPERIA Z3 MINI / COMPACT;32;Silicon Slim (TPU) - SL) ;69615
SL) SONY XPERIA Z3 PLUS / Z4;32;Silicon Slim (TPU) - SL) ;588
SL) SONY XPERIA Z4;32;Silicon Slim (TPU) - SL) ;587
SL) SONY XPERIA z5;32;Silicon Slim (TPU) - SL) ;1499
SL) SONY XPERIA Z5 MINI;32;Silicon Slim (TPU) - SL) ;1593
SL) XIAOMI REDMI NOTE 3;32;Silicon Slim (TPU) - SL) ;69890
SL) XIAOMI REDMI NOTE 4;32;Silicon Slim (TPU) - SL) ;69601
SLF) IPHONE 6;55;F+S SILICON SLIM;69602
SLF) IPHONE 6 PLUS;55;F+S SILICON SLIM;69729
SLF) IPHONE 7;55;F+S SILICON SLIM;69797
SLF) IPHONE 7 PLUS;55;F+S SILICON SLIM;69598
SLF) SAMSUNG S6 ;55;F+S SILICON SLIM;69842
SLF) SAMSUNG S6 EDGE;55;F+S SILICON SLIM;69599
SLF) SAMSUNG S7;55;F+S SILICON SLIM;69600
SLF) SAMSUNG S7 EDGE;55;F+S SILICON SLIM;69843
SLF) SAMSUNG S8;55;F+S SILICON SLIM;69844
SLF) SAMSUNG S8 PLUS;55;F+S SILICON SLIM;69894
SLU) HUAWEI P8 ;45;SILICON SLIM URECHIUSE - SLU;69895
SLU) HUAWEI P8 LITE;45;SILICON SLIM URECHIUSE - SLU;69896
SLU) HUAWEI P9;45;SILICON SLIM URECHIUSE - SLU;69897
SLU) HUAWEI P9 LITE;45;SILICON SLIM URECHIUSE - SLU;69898
SLU) Iphone 5;45;SILICON SLIM URECHIUSE - SLU;69899
SLU) Iphone 6;45;SILICON SLIM URECHIUSE - SLU;69900
SLU) Iphone 7;45;SILICON SLIM URECHIUSE - SLU;69901
SLU) SAMSUNG S8;45;SILICON SLIM URECHIUSE - SLU;69596
SNK) IPHONE 5;60;Snake SNK);69594
SNK) IPHONE 6;60;Snake SNK);69595
SNK) IPHONE 6 PLUS;60;Snake SNK);69597
SNK) SAMSUNG S6;60;Snake SNK);69693
SOC) HUAWEI P8 LITE;45;Silicon cu Ochi;69694
SOC) HUAWEI P9 LITE;45;Silicon cu Ochi;69690
SOC) iPhone 5;45;Silicon cu Ochi;69691
SOC) iPhone 6;45;Silicon cu Ochi;69692
SOC) iPhone 7;45;Silicon cu Ochi;69695
SOC) SAMSUNG J5 J500;45;Silicon cu Ochi;69818
SONY XA;35;Folie Sticla - FST) ;69682
SS) HUAWEI P8 LITE;40;Silicon Sclipici;69683
SS) HUAWEI P9 LITE;40;Silicon Sclipici;69678
SS) iPhone 5;40;Silicon Sclipici;69679
SS) iPhone 6;40;Silicon Sclipici;69680
SS) iPhone 6 Plus;40;Silicon Sclipici;69681
SS) iPhone 7;40;Silicon Sclipici;69798
SS) iPhone 7 PLUS;40;Silicon Sclipici;69685
SS) SAMSUNG J5 2016;40;Silicon Sclipici;69684
SS) SAMSUNG J5 J500;40;Silicon Sclipici;69688
SSA) HUAWEI P8 LITE;45;Silicon Sclipici AURITE;69689
SSA) HUAWEI P9 LITE;45;Silicon Sclipici AURITE;69686
SSA) iPhone 5;45;Silicon Sclipici AURITE;69687
SSA) iPhone 6 plus;45;Silicon Sclipici AURITE;69799
SSA) iPhone 7;45;Silicon Sclipici AURITE;69528
STF) HUAWEI P8 LITE;40;Silicon Fashion Transparent - SFT);69529
STF) IPHONE 5;40;Silicon Fashion Transparent - SFT);69530
STF) IPHONE 6;40;Silicon Fashion Transparent - SFT);69531
STF) IPHONE 6 PLUS;40;Silicon Fashion Transparent - SFT);69532
STF) SAMSUNG CORE PRIME;40;Silicon Fashion Transparent - SFT);69533
STF) SAMSUNG GRAND PRIME;40;Silicon Fashion Transparent - SFT);69534
STF) SAMSUNG J5 J500;40;Silicon Fashion Transparent - SFT);69535
STF) SAMSUNG J7;40;Silicon Fashion Transparent - SFT);69536
STF) SAMSUNG S6;40;Silicon Fashion Transparent - SFT);69537
STF) SAMSUNG S6 EDGE;40;Silicon Fashion Transparent - SFT);69538
STF) SAMSUNG S7 EDGE;40;Silicon Fashion Transparent - SFT);69469
Suport auto Samsung ECS-K1A7 Blister Original ;40;Accesorii / Diverse;1686
SUPORT AUTO UNIVERSAL CU VENTUZA;45;Accesorii / Diverse;5,9005E+12
Suport auto universal Forever CH-160 Blister;60;Accesorii / Diverse;1522
Suport auto universal U1 Blister;35;Accesorii / Diverse;69829
SUPORT MAGNET VENTILATIE;39;Accesorii / Diverse;1633
USB - MINI USB 2 in 1;30;Accesorii / Diverse;69926
USB C / Type C / USBC;39;Accesorii / Diverse;#20292
USB iPhone 4 20290 (35C3);45;Accesorii / Diverse;69825
USB iPhone 5;39;Accesorii / Diverse;69826
USB iPhone 5 SIRET;49;Accesorii / Diverse;69828
USB MICRO Samsung, LG, Nokia;39;Accesorii / Diverse;69827
USB MICROUSB SIRET;49;Accesorii / Diverse;